genome,score
TOBG_SAT-176.fna,57.275766916522336
TOBG_SP-4038.fna,65.57090578369537
TOBG_NAT-124.fna,67.96940129768737
TOBG_SP-109.fna,65.15967397040852
TOBG_ARS-123.fna,67.037454189862
TOBG_EAC-65.fna,68.13673579619548
TOBG_IN-1213.fna,78.62562619636603
TOBG_RS-817.fna,82.64328248196583
TOBG_EAC-2021.fna,68.92253549513954
TOBG_NAT-206.fna,46.07338346414666
TOBG_SAT-1448.fna,56.62416680861728
TOBG_SAT-1449.fna,60.38326604520409
TOBG_NAT-168.fna,75.53010488508103
TOBG_SAT-213.fna,69.81288850200875
TOBG_CPC-71.fna,93.42698021258128
TOBG_SP-97.fna,56.799770410278725
TOBG_EAC-63.fna,82.89848819830759
TOBG_IN-13.fna,88.46261598606876
TOBG_SP-3018.fna,61.78392466709788
TOBG_SP-119.fna,75.91310809926553
TOBG_ARS-51.fna,65.67461058290714
TOBG_NP-5.fna,76.81222047455375
TOBG_SAT-227.fna,59.14169950185518
TOBG_ARS-1168.fna,76.74343666786244
TOBG_NP-77.fna,77.78810055122703
TOBG_ARS-1330.fna,81.91144499407663
TOBG_NAT-117.fna,90.14461134848021
TOBG_NAT-290.fna,96.27381458136075
TOBG_RS-363.fna,84.65062270395275
TOBG_RS-415.fna,69.60783875028346
TOBG_MED-632.fna,74.65416052663105
TOBG_SAT-1415.fna,44.451182362736894
TOBG_NP-79.fna,78.73515485415058
TOBG_IN-47.fna,67.80458149968247
TOBG_NP-122.fna,79.60494966239011
TOBG_SAT-1331.fna,54.37186023018765
TOBG_ARS-46.fna,62.40030923744799
TOBG_NP-54.fna,62.90953681482057
TOBG_NP-97.fna,68.92775203261996
TOBG_SP-340.fna,70.05780656137539
TOBG_NP-138.fna,72.22785849411041
TOBG_NAT-225.fna,61.286328025415145
TOBG_RS-464.fna,70.26476574763988
TOBG_SP-183.fna,66.66563936774467
TOBG_ARS-81.fna,63.30199391487423
TOBG_SP-274.fna,76.44421159679322
TOBG_CPC-1.fna,74.4548469348639
TOBG_ARS-1360.fna,86.18102064931605
TOBG_MED-609.fna,78.47632432951673
TOBG_NAT-2.fna,65.50333996338058
TOBG_SAT-177.fna,93.22741478097555
TOBG_NP-973.fna,53.23427618564378
TOBG_SP-334.fna,87.22768416748895
TOBG_ARS-66.fna,64.29666317020174
TOBG_SP-3084.fna,66.44427711407516
TOBG_ARS-120.fna,47.27105906684728
TOBG_NP-36.fna,66.08851599281302
TOBG_NP-85.fna,76.22570035358558
TOBG_NP-951.fna,59.83769023376372
TOBG_SP-4225.fna,67.13611274308322
TOBG_MED-694.fna,80.64648360319357
TOBG_SAT-152.fna,90.85542904950346
TOBG_NAT-185.fna,72.63476519037451
TOBG_NAT-6.fna,57.79645109504946
TOBG_SP-112.fna,84.12212830060079
TOBG_NP-124.fna,55.434892847008285
TOBG_NP-6.fna,86.34027097500827
TOBG_NP-4.fna,85.45768203445907
TOBG_RS-652.fna,61.45151171056471
TOBG_SAT-1366.fna,67.44008089335644
TOBG_SP-311.fna,86.28431709302602
TOBG_EAC-635.fna,48.39212092009096
TOBG_NP-105.fna,71.29909795418807
TOBG_SP-3003.fna,51.69697910651577
TOBG_SP-191.fna,66.46468172109735
TOBG_RS-815.fna,69.34210474741512
TOBG_SP-4379.fna,92.1176045425459
TOBG_SAT-1369.fna,46.21529816775038
TOBG_NAT-280.fna,56.875406338998985
TOBG_RS-458.fna,63.64486409078494
TOBG_SP-2970.fna,41.12811854915162
TOBG_SP-204.fna,64.18712781045069
TOBG_RS-381.fna,78.03703461373544
TOBG_SP-3013.fna,56.66225661634907
TOBG_NP-954.fna,57.425898920819144
TOBG_SAT-1359.fna,60.055160533070826
TOBG_ARS-4.fna,79.93274449938873
TOBG_MED-841.fna,62.31660896709952
TOBG_SAT-33.fna,71.43121063698784
TOBG_NAT-141.fna,82.0864987296542
TOBG_EAC-75.fna,66.31761948765532
TOBG_MED-830.fna,62.942970678276005
TOBG_ARS-11.fna,68.36660541622807
TOBG_MED-752.fna,81.66710609811506
TOBG_ARS-33.fna,79.02058824997053
TOBG_SP-4369.fna,79.79693248390552
TOBG_CPC-73.fna,85.51221753526752
TOBG_CPC-75.fna,69.85254355996436
TOBG_ARS-34.fna,74.61702492096866
TOBG_SP-15.fna,75.54059333573544
TOBG_NAT-129.fna,80.641817705799
TOBG_SP-244.fna,70.81234314521298
TOBG_NAT-130.fna,73.53510642744811
TOBG_SAT-114.fna,74.1934199746422
TOBG_SAT-3021.fna,70.06120955427055
TOBG_RS-386.fna,84.15085421044571
TOBG_SAT-126.fna,67.03338294477037
TOBG_MED-778.fna,74.68390276613532
TOBG_NAT-22.fna,66.83803870996863
TOBG_SP-10.fna,93.85039045741512
TOBG_NP-1463.fna,69.39173428835367
TOBG_SAT-162.fna,78.699725703806
TOBG_ARS-1032.fna,60.45221325507087
TOBG_NP-113.fna,73.70566985198256
TOBG_ARS-76.fna,83.92251643506665
TOBG_IN-921.fna,56.46964736087673
TOBG_NP-117.fna,93.1547468566075
TOBG_NP-81.fna,60.28354009421818
TOBG_IN-42.fna,88.3430199282849
TOBG_CPC-96.fna,77.49578196003517
TOBG_SP-4366.fna,53.27337082708956
TOBG_NP-37.fna,75.87059754827555
TOBG_EAC-43.fna,72.09711827647725
TOBG_SP-184.fna,52.84029513712459
TOBG_SAT-56.fna,84.97649188140849
TOBG_SP-121.fna,68.80812798078234
TOBG_SP-110.fna,95.31845242566824
TOBG_CPC-297.fna,58.95984079583118
TOBG_MED-708.fna,75.21138678503735
TOBG_CPC-85.fna,81.87326898051575
TOBG_CPC-29.fna,71.64614430628406
TOBG_SP-137.fna,80.57085048758344
TOBG_SP-4365.fna,85.53113295573004
TOBG_CPC-86.fna,53.982093998197634
TOBG_SP-96.fna,63.079903226809805
TOBG_MED-580.fna,62.117532082165624
TOBG_MED-671.fna,89.60238678574964
TOBG_MED-608.fna,68.85502140013212
TOBG_SP-135.fna,92.87739950684406
TOBG_NAT-13.fna,78.35093300738487
TOBG_RS-384.fna,71.90273825590448
TOBG_MED-660.fna,82.3986822508304
TOBG_NAT-19.fna,92.2531470493352
TOBG_NP-103.fna,86.64593721228852
TOBG_MED-719.fna,76.79942261499421
TOBG_SP-5.fna,84.99833628635633
TOBG_NAT-131.fna,74.37960810969686
TOBG_NAT-8.fna,66.23310431930736
TOBG_EAC-647.fna,65.37641435912843
TOBG_NAT-178.fna,84.39854785862507
TOBG_SP-161.fna,78.03147097089577
TOBG_RS-383.fna,69.918254564171
TOBG_RS-395.fna,82.80346125473453
TOBG_NP-87.fna,89.69745758628572
TOBG_ARS-63.fna,73.31368564382373
TOBG_CPC-51.fna,83.31886215335675
TOBG_NP-109.fna,84.33247496702491
TOBG_NP-33.fna,73.18661207911212
TOBG_SAT-52.fna,84.52905052914619
TOBG_NAT-253.fna,53.381409782261635
TOBG_NAT-7.fna,54.4120002057199
TOBG_NAT-239.fna,68.82242200966856
TOBG_MED-637.fna,76.05722214204197
TOBG_NP-52.fna,81.21072243754769
TOBG_ARS-30.fna,77.40344964363058
TOBG_IN-43.fna,78.78534552258236
TOBG_RS-404.fna,79.11069736043488
TOBG_NAT-116.fna,84.81090685941393
TOBG_NP-25.fna,90.77667544886373
TOBG_IN-25.fna,86.36288910641429
TOBG_NP-56.fna,90.39774980875815
TOBG_CPC-81.fna,82.0029834184695
TOBG_EAC-707.fna,43.14474610032422
TOBG_NAT-201.fna,51.03433562333784
TOBG_NP-140.fna,75.52319550826861
TOBG_SAT-1611.fna,63.984368652371344
TOBG_EAC-103.fna,80.81965799279547
TOBG_SAT-46.fna,93.49239803216499
TOBG_NAT-169.fna,69.82778280935564
TOBG_RS-357.fna,73.21937024430581
TOBG_SP-349.fna,82.84789374464121
TOBG_RS-454.fna,66.49478143923311
TOBG_SP-3070.fna,57.58441780219291
TOBG_SP-351.fna,71.9085204531551
TOBG_ARS-1426.fna,85.6966727859091
TOBG_NP-80.fna,86.84059526630766
TOBG_NAT-100.fna,75.22947289712155
TOBG_NP-966.fna,56.28529559509292
TOBG_NP-106.fna,68.85989529305317
TOBG_ARS-1030.fna,61.25777999715783
TOBG_EAC-9.fna,77.08958165549356
TOBG_NAT-108.fna,61.77643841698885
TOBG_NP-57.fna,68.75678911363921
TOBG_ARS-17.fna,66.00372421343444
TOBG_NP-133.fna,86.23859567234535
TOBG_NAT-123.fna,60.54015657542017
TOBG_RS-456.fna,62.81536313101093
TOBG_SP-203.fna,58.55294682273055
TOBG_NP-936.fna,54.79116427921324
TOBG_SAT-150.fna,70.64884981254387
TOBG_RS-615.fna,43.35822834062672
TOBG_SP-3983.fna,54.000413148670845
TOBG_RS-361.fna,80.92447529742577
TOBG_RS-797.fna,84.62646920387401
TOBG_SP-197.fna,81.88037506318763
TOBG_SP-218.fna,79.2522882194261
TOBG_SP-4387.fna,90.89734925097322
TOBG_ARS-15.fna,85.94408989349049
TOBG_ARS-61.fna,72.6147229291369
TOBG_ARS-65.fna,79.03698630943032
TOBG_EAC-49.fna,102.3469824710683
TOBG_IN-7.fna,82.12916056110355
TOBG_SAT-20.fna,76.58611913330839
TOBG_SAT-110.fna,65.87166426888597
TOBG_SAT-2.fna,63.16940832928661
TOBG_IN-8.fna,79.05352293621365
TOBG_MED-672.fna,58.299531562246266
TOBG_SP-128.fna,99.73592543027709
TOBG_CPC-58.fna,73.0108779393694
TOBG_NP-1.fna,63.382634650866535
TOBG_SAT-111.fna,92.96122706057226
TOBG_ARS-38.fna,66.46896791923268
TOBG_RS-355.fna,94.00183200005797
TOBG_NAT-30.fna,93.50176826102313
TOBG_SAT-64.fna,71.9799750387169
TOBG_SAT-113.fna,81.79282314071995
TOBG_SP-288.fna,69.24314849962873
TOBG_SP-1.fna,78.27400613910767
TOBG_EAC-73.fna,88.23440384726592
TOBG_CPC-21.fna,97.60396715068951
TOBG_EAC-87.fna,81.43491852221811
TOBG_SP-16.fna,95.46687114113996
TOBG_NP-952.fna,61.679593090208066
TOBG_MED-856.fna,67.18296988466084
TOBG_SP-237.fna,74.06215136345621
TOBG_NP-40.fna,87.74212843490608
TOBG_SP-3094.fna,56.29032465532378
TOBG_NAT-276.fna,50.943621558194046
TOBG_NAT-46.fna,80.23727486341886
TOBG_CPC-72.fna,85.20817920810833
TOBG_SP-179.fna,86.90975409794187
TOBG_RS-697.fna,86.99137100528694
TOBG_SAT-1434.fna,45.39987102656218
TOBG_SAT-42.fna,76.07310356224122
TOBG_SP-125.fna,91.27286231659019
TOBG_EAC-36.fna,85.22015624571284
TOBG_ARS-31.fna,65.89158880470903
TOBG_IN-1311.fna,34.66057736291627
TOBG_SP-275.fna,68.66599037208987
TOBG_MED-624.fna,76.09352532946956
TOBG_SP-186.fna,90.39129204277829
TOBG_IN-28.fna,86.02465973661802
TOBG_MED-653.fna,93.55890627170756
TOBG_NAT-89.fna,88.75863073305342
TOBG_CPC-39.fna,69.03981043462214
TOBG_NAT-16.fna,91.78767503002008
TOBG_SP-20.fna,80.82191088993174
TOBG_SP-144.fna,75.86341157223512
TOBG_EAC-673.fna,47.619611195231805
TOBG_MED-702.fna,81.94901828031296
TOBG_CPC-7.fna,90.5672280099798
TOBG_EAC-632.fna,51.5801062046085
TOBG_IN-11.fna,79.56613331492503
TOBG_SAT-74.fna,88.01706621581182
TOBG_EAC-631.fna,64.77721997036672
TOBG_EAC-6.fna,78.75590528226066
TOBG_SAT-1309.fna,66.44084475422058
TOBG_SP-3031.fna,63.90879723583695
TOBG_NAT-113.fna,61.52854477263549
TOBG_MED-728.fna,93.40353429075705
TOBG_SP-124.fna,72.18939571718312
TOBG_CPC-54.fna,70.12396521875648
TOBG_NAT-149.fna,69.24615694456031
TOBG_NP-34.fna,79.68247217963076
TOBG_NP-43.fna,52.25933349732224
TOBG_ARS-3.fna,83.17416030677853
TOBG_NAT-212.fna,59.1135613799638
TOBG_EAC-71.fna,76.25366881813383
TOBG_NAT-209.fna,66.07352607072744
TOBG_SP-3021.fna,53.62776164979792
TOBG_EAC-2.fna,63.18059386284011
TOBG_IN-20.fna,60.43428468484197
TOBG_NP-26.fna,97.65781909134199
TOBG_EAC-634.fna,50.51117997198478
TOBG_SAT-7.fna,76.19821734670808
TOBG_RS-367.fna,69.78782828356894
TOBG_CPC-49.fna,60.94340870039405
TOBG_EAC-1.fna,81.94010300031388
TOBG_NAT-60.fna,63.144911971369424
TOBG_ARS-24.fna,66.7146645215963
TOBG_CPC-47.fna,70.3033628684641
TOBG_EAC-97.fna,69.68613801482168
TOBG_NAT-91.fna,56.57911861063276
TOBG_RS-397.fna,80.35166018801984
TOBG_ARS-1036.fna,66.2698435413092
TOBG_SP-246.fna,72.88105569655893
TOBG_SAT-22.fna,89.5524547882098
TOBG_NAT-20.fna,68.09355140669781
TOBG_SP-17.fna,87.8986595643906
TOBG_CPC-38.fna,61.297789591184475
TOBG_SP-245.fna,75.87037108212391
TOBG_SP-118.fna,78.86276425765658
TOBG_MED-587.fna,102.33945702710214
TOBG_NAT-28.fna,100.1894403210849
TOBG_RS-364.fna,89.20518528340587
TOBG_SAT-73.fna,87.79726899925421
TOBG_EAC-76.fna,97.92811815823597
TOBG_NAT-173.fna,89.5231944605764
TOBG_SAT-5.fna,76.65256056356226
TOBG_NAT-3.fna,67.74197748147932
TOBG_SAT-55.fna,88.33625097711263
TOBG_SAT-27.fna,100.09903115103499
TOBG_SAT-115.fna,56.663841805865346
TOBG_SP-140.fna,78.41381215264903
TOBG_EAC-645.fna,59.325558669506
TOBG_SP-169.fna,92.2804015964196
TOBG_ARS-62.fna,72.74597937620324
TOBG_EAC-98.fna,76.32449255620365
TOBG_MED-1008.fna,33.66034115316274
TOBG_RS-422.fna,64.90113929094777
TOBG_NAT-33.fna,98.1144318416295
TOBG_NP-49.fna,83.1881297028751
TOBG_CPC-40.fna,86.30571646430035
TOBG_NAT-167.fna,57.134251910054864
TOBG_ARS-5.fna,78.10095456008987
TOBG_CPC-19.fna,98.5585583378564
TOBG_SAT-57.fna,72.10337857181491
TOBG_SP-126.fna,86.60342205581263
TOBG_NP-29.fna,89.559279854592
TOBG_EAC-56.fna,87.3526048571923
TOBG_NAT-17.fna,54.99567064069789
TOBG_NAT-9.fna,72.05486859928033
TOBG_SAT-108.fna,74.49719930834935
TOBG_EAC-48.fna,69.69107846439672
TOBG_SAT-4.fna,93.40811104501708
TOBG_SAT-54.fna,83.94993812093733
TOBG_NP-10.fna,86.25708442594984
TOBG_SP-159.fna,86.32236485586873
TOBG_EAC-695.fna,42.415168144932416
TOBG_MED-633.fna,96.41218459402081
TOBG_NP-7.fna,88.08298940566515
TOBG_SAT-8.fna,78.82723459438368
TOBG_SP-57.fna,65.90583378556752
TOBG_SAT-37.fna,87.84295117810701
TOBG_SP-158.fna,83.89929454164636
TOBG_EAC-670.fna,70.90255627150255
TOBG_SAT-90.fna,81.32942184877336
TOBG_SAT-198.fna,88.31265353086467
TOBG_EAC-16.fna,70.94264165830943
TOBG_NAT-82.fna,81.61744458800675
TOBG_CPC-46.fna,74.92892774102577
TOBG_SAT-194.fna,92.14449525393
TOBG_SP-73.fna,87.81403945461821
TOBG_SAT-23.fna,73.75835201985002
TOBG_IN-16.fna,66.3067922877577
TOBG_IN-22.fna,84.92359692518421
TOBG_CPC-25.fna,91.94815827233747
TOBG_EAC-77.fna,101.8211450032127
TOBG_NAT-170.fna,76.44715229826811
TOBG_CPC-32.fna,91.8096799572438
TOBG_EAC-683.fna,49.10424978514192
TOBG_NAT-10.fna,74.84380262451766
TOBG_NAT-291.fna,89.464289510194
TOBG_EAC-60.fna,88.19117185550492
TOBG_SP-61.fna,78.62428583316066
TOBG_NAT-21.fna,88.68288298209133
TOBG_SP-28.fna,78.02440720397256
TOBG_NP-997.fna,67.45281495109862
TOBG_MED-1190.fna,49.76234678733629
TOBG_MED-730.fna,76.39720075010166
TOBG_SP-240.fna,90.15784147041208
TOBG_CPC-320.fna,65.10314041336267
TOBG_NP-969.fna,46.67061381023493
TOBG_NAT-158.fna,99.76697224272243
TOBG_IN-21.fna,98.2718745995932
TOBG_SAT-66.fna,84.88401114958614
TOBG_IN-14.fna,68.23405371617115
TOBG_MED-605.fna,74.8304578235227
TOBG_ARS-27.fna,68.42566222089621
TOBG_NP-964.fna,54.742000524561576
TOBG_NP-992.fna,57.361816622253066
TOBG_SAT-2787.fna,90.09349745453044
TOBG_MED-611.fna,73.8707865009389
TOBG_MED-615.fna,72.40490192434315
TOBG_CPC-69.fna,96.44063554124894
TOBG_SP-37.fna,94.0247176756574
TOBG_MED-595.fna,77.88141297957675
TOBG_MED-717.fna,65.77664990484591
TOBG_EAC-17.fna,83.45376398404541
TOBG_SAT-98.fna,88.19951969978031
TOBG_MED-610.fna,75.99395958726708
TOBG_CPC-327.fna,61.880687257009505
TOBG_EAC-37.fna,85.0644484187109
TOBG_NP-15.fna,74.15289503686388
TOBG_IN-32.fna,66.7301924384802
TOBG_MED-668.fna,85.84695267446865
TOBG_SP-2982.fna,56.00647470612844
TOBG_CPC-33.fna,79.3150199667168
TOBG_EAC-55.fna,99.748070263735
TOBG_NP-8.fna,93.62543981566199
TOBG_SAT-134.fna,71.40059214435001
TOBG_SP-350.fna,101.76386232716334
TOBG_SP-93.fna,100.99526109475008
TOBG_CPC-80.fna,71.83457714652694
TOBG_SAT-112.fna,72.65004935204165
TOBG_IN-40.fna,80.70779597749866
TOBG_NP-27.fna,82.56922627520231
TOBG_ARS-115.fna,61.523948860623534
TOBG_SP-259.fna,78.21327343514025
TOBG_CPC-14.fna,100.07288867822305
TOBG_SP-86.fna,64.24576246898309
TOBG_CPC-43.fna,100.55328649908104
TOBG_SAT-28.fna,93.18470488408661
TOBG_SAT-1308.fna,59.096394168734705
TOBG_SP-131.fna,79.408618482049
TOBG_IN-19.fna,82.08007501187885
TOBG_NAT-127.fna,79.23099050002173
TOBG_SAT-26.fna,96.67642416819503
TOBG_NAT-109.fna,73.07368856694313
TOBG_SAT-133.fna,71.65071561583395
TOBG_NP-1472.fna,68.92346389247963
TOBG_NP-1444.fna,69.37038206873589
TOBG_MED-759.fna,75.20463792021715
TOBG_MED-814.fna,58.998490871566766
TOBG_MED-626.fna,70.93682373610461
TOBG_SP-151.fna,99.22623933919104
TOBG_SAT-15.fna,55.30396079998884
TOBG_SP-320.fna,80.90032016863374
TOBG_RS-382.fna,78.11259588179345
TOBG_SP-253.fna,64.95149857970804
TOBG_NP-948.fna,66.27650584317068
TOBG_NP-949.fna,57.0549440997753
TOBG_NP-993.fna,35.520252349572914
TOBG_SP-213.fna,72.93146560139141
TOBG_NP-942.fna,54.63822452585821
TOBG_NP-39.fna,63.08331587218079
TOBG_SAT-97.fna,87.22850191855021
TOBG_CPC-2.fna,96.65084604824082
TOBG_NAT-67.fna,57.53468461194464
TOBG_SP-177.fna,79.31232358965369
TOBG_RS-342.fna,96.2280975856152
TOBG_SAT-75.fna,89.29658168920616
TOBG_IN-29.fna,91.96175065032072
TOBG_CPC-24.fna,75.04401902467659
TOBG_MED-815.fna,48.976415981877395
TOBG_MED-928.fna,44.002204587743265
TOBG_NAT-43.fna,71.6203407363689
TOBG_SP-98.fna,65.07000699769868
TOBG_SAT-35.fna,98.01029941895067
TOBG_SP-3048.fna,70.61283631704295
TOBG_EAC-47.fna,68.65275921221678
TOBG_SAT-189.fna,87.84026714155722
TOBG_CPC-20.fna,58.90461001153249
TOBG_MED-810.fna,60.45220224647042
TOBG_SP-3982.fna,68.0685477673032
TOBG_EAC-93.fna,90.0340534179621
TOBG_SAT-83.fna,91.19559402400724
TOBG_EAC-58.fna,93.30895197229647
TOBG_MED-698.fna,78.66727308050744
TOBG_SP-238.fna,90.11804407535392
TOBG_MED-825.fna,66.17025620140335
TOBG_MED-690.fna,82.67344019895855
TOBG_SAT-18.fna,75.11256694657094
TOBG_EAC-623.fna,53.713485913922696
TOBG_RS-465.fna,63.31345411131719
TOBG_EAC-86.fna,78.46590939022909
TOBG_NAT-101.fna,70.4992346145777
TOBG_ARS-1012.fna,58.56789764077699
TOBG_CPC-316.fna,59.799011915290365
TOBG_SP-3017.fna,58.022795027378166
TOBG_SP-171.fna,68.69696758965027
TOBG_CPC-12.fna,86.11621842084598
TOBG_NP-9.fna,91.12151042832646
TOBG_SAT-31.fna,96.50989972027891
TOBG_SP-180.fna,93.16941253348114
TOBG_SP-3112.fna,59.32088330092976
TOBG_SP-331.fna,73.8565260550685
TOBG_CPC-48.fna,59.81522573472287
TOBG_IN-15.fna,68.73543940407424
TOBG_EAC-50.fna,92.56182167987808
TOBG_EAC-713.fna,50.806231367115174
TOBG_IN-6.fna,63.16090862712938
TOBG_NP-45.fna,64.62506074055472
TOBG_NP-96.fna,72.82961166879639
TOBG_SAT-109.fna,61.76281605655096
TOBG_CPC-8.fna,101.06718291846597
TOBG_SP-269.fna,66.73217706800804
TOBG_SP-333.fna,73.90845804899833
TOBG_EAC-41.fna,88.20279768546114
TOBG_NP-12.fna,65.19454342428676
TOBG_SP-32.fna,97.51035426425497
TOBG_CPC-11.fna,85.23680662717439
TOBG_IN-928.fna,57.42933305203071
TOBG_NAT-75.fna,79.354731481318
TOBG_NP-156.fna,51.25201854055475
TOBG_SP-64.fna,81.9540293192885
TOBG_CPC-95.fna,68.83024178777129
TOBG_NP-94.fna,89.34016887447919
TOBG_SP-60.fna,74.17625276658853
TOBG_NP-13.fna,88.27041058792673
TOBG_NP-90.fna,96.96438736356696
TOBG_SAT-93.fna,90.80380320802696
TOBG_RS-426.fna,68.78538603585282
TOBG_RS-822.fna,78.38484567768823
TOBG_CPC-62.fna,77.83667159442564
TOBG_NP-95.fna,92.01895663603844
TOBG_SAT-88.fna,82.4055681373936
TOBG_SP-291.fna,60.2414326842699
TOBG_IN-2.fna,77.42859790597028
TOBG_IN-1.fna,75.09247341152593
TOBG_SP-133.fna,96.29868153444522
TOBG_NAT-94.fna,62.67710664378694
TOBG_SP-163.fna,86.71157183221169
TOBG_NAT-4.fna,85.79192585949573
TOBG_EAC-102.fna,79.63614660098385
TOBG_IN-9.fna,81.77337377475139
TOBG_NAT-64.fna,87.41699075871682
TOBG_NP-151.fna,67.53050281717272
TOBG_SAT-1.fna,81.08370903992963
TOBG_CPC-28.fna,86.80866056250613
TOBG_CPC-45.fna,84.70831404977221
TOBG_CPC-42.fna,73.04445272734517
TOBG_EAC-94.fna,100.31967736757551
TOBG_NAT-121.fna,83.35859063973446
TOBG_NAT-125.fna,68.99735713976666
TOBG_EAC-69.fna,93.28623547482111
TOBG_NP-21.fna,83.47728360204903
TOBG_NP-59.fna,67.16525761608516
TOBG_MED-581.fna,70.20846206380739
TOBG_NP-51.fna,79.44702539280537
TOBG_SP-3023.fna,69.70978578715723
TOBG_CPC-27.fna,66.85417742465467
TOBG_NAT-84.fna,70.63293875867956
TOBG_NP-1044.fna,84.52307776094045
TOBG_CPC-13.fna,95.00760132095844
TOBG_CPC-6.fna,83.07716095697253
TOBG_NP-125.fna,52.12726159487789
TOBG_SAT-40.fna,95.01567593057803
TOBG_SP-312.fna,85.41932299422439
TOBG_SP-181.fna,56.590425493084325
TOBG_ARS-29.fna,61.55807026885134
TOBG_NP-24.fna,63.75985251826007
TOBG_ARS-16.fna,80.18671268563583
TOBG_SP-26.fna,69.6743552478374
TOBG_SP-3037.fna,64.32361362703361
TOBG_SAT-1609.fna,52.49166718772189
TOBG_SP-3103.fna,52.2992631731247
TOBG_NAT-198.fna,38.660138825618915
TOBG_SAT-1367.fna,54.368143606309104
TOBG_RS-434.fna,59.13342920610708
TOBG_SAT-1339.fna,56.515551105477044
TOBG_SAT-1391.fna,46.52731355224513
TOBG_EAC-88.fna,70.55179321066163
TOBG_EAC-627.fna,47.87405918725551
TOBG_NAT-575.fna,79.79016329052169
TOBG_ARS-70.fna,90.94294248590658
TOBG_SP-284.fna,73.97828547038243
TOBG_SP-222.fna,86.29741404804463
TOBG_NAT-137.fna,84.29610319467254
TOBG_RS-435.fna,67.3522388434999
TOBG_EAC-42.fna,74.38384859037603
TOBG_SAT-91.fna,80.09351974704461
TOBG_SAT-1517.fna,52.41072848070849
TOBG_NAT-138.fna,86.24349683773752
TOBG_ARS-1009.fna,37.62226426918125
TOBG_CPC-300.fna,70.8116661653023
TOBG_EAC-646.fna,47.00096181150975
TOBG_NP-38.fna,52.17828809366138
TOBG_MED-655.fna,77.59983300175135
TOBG_NAT-181.fna,79.10345862143146
TOBG_CPC-50.fna,61.510619535591296
TOBG_SP-164.fna,75.5601877639305
TOBG_SP-232.fna,68.41047897428
TOBG_SP-3118.fna,55.65804768700152
TOBG_SP-85.fna,55.43777412674707
TOBG_SP-241.fna,72.75592979981724
TOBG_SP-354.fna,63.938570693874894
TOBG_RS-349.fna,73.01982507880683
TOBG_SP-234.fna,82.1891897912987
TOBG_MED-593.fna,56.62155536330442
TOBG_MED-741.fna,58.20504902034057
TOBG_MED-739.fna,70.11720167932106
TOBG_MED-594.fna,62.869925199018425
TOBG_NAT-143.fna,68.06555056628018
TOBG_SAT-1613.fna,63.939896228432254
TOBG_MED-1269.fna,69.70023883887677
TOBG_SAT-1346.fna,64.74075070622911
TOBG_ARS-1034.fna,66.53470102500357
TOBG_IN-924.fna,54.07370539388366
TOBG_SAT-1582.fna,60.922666789195425
TOBG_SAT-161.fna,72.39127427799312
TOBG_NP-1395.fna,79.78765268709132
TOBG_SAT-142.fna,66.1942277092261
TOBG_RS-821.fna,83.03769031628892
TOBG_SAT-128.fna,58.13033668832587
TOBG_NAT-133.fna,79.76840370331331
TOBG_ARS-112.fna,51.0005138176096
TOBG_NP-16.fna,89.60461533106145
TOBG_SAT-85.fna,72.76561884931128
TOBG_SAT-62.fna,97.65242465022641
TOBG_EAC-710.fna,66.02637095751037
TOBG_NAT-11.fna,75.60500404577832
TOBG_EAC-85.fna,85.78592302284937
TOBG_MED-783.fna,72.63653230889287
TOBG_NAT-14.fna,79.15972601741059
TOBG_SP-166.fna,94.3867967853474
TOBG_SP-3035.fna,37.41462839861612
TOBG_EAC-27.fna,76.60492683190341
TOBG_NAT-69.fna,100.10660369074695
TOBG_SAT-14.fna,72.73388724170302
TOBG_SAT-1610.fna,58.46374485637873
TOBG_RS-398.fna,66.93153812793113
TOBG_SP-113.fna,82.43726617542751
TOBG_SP-141.fna,74.6034370194283
TOBG_MED-643.fna,52.47097319656235
TOBG_SAT-12.fna,90.14174026725766
TOBG_SP-105.fna,85.44120827655595
TOBG_ARS-1279.fna,64.58641840811613
TOBG_NAT-155.fna,72.02958736992173
TOBG_NP-69.fna,78.7214103612169
TOBG_SP-3083.fna,58.97094227667276
TOBG_NAT-61.fna,59.38589096479831
TOBG_NP-86.fna,87.0614999886358
TOBG_SP-295.fna,74.57548834978853
TOBG_ARS-68.fna,84.88006174105637
TOBG_SP-2985.fna,62.252275947437596
TOBG_ARS-90.fna,67.96910701658992
TOBG_EAC-654.fna,55.08085428503218
TOBG_MED-733.fna,77.78523822110091
TOBG_SAT-1446.fna,68.15141336777607
TOBG_SP-258.fna,80.0892224568082
TOBG_MED-601.fna,66.74725427549889
TOBG_MED-665.fna,85.1390942110937
TOBG_MED-661.fna,87.3119616590091
TOBG_MED-697.fna,66.37170494999268
TOBG_EAC-91.fna,88.62869160002242
TOBG_SAT-3.fna,94.25272478016132
TOBG_CPC-52.fna,76.40423867722254
TOBG_NP-75.fna,93.27102402085498
TOBG_MED-1122.fna,49.97010250160471
TOBG_SP-30.fna,80.25586742365367
TOBG_CPC-324.fna,41.89444630550529
TOBG_SP-127.fna,74.02003972113076
TOBG_SP-242.fna,69.58967393139633
TOBG_NP-960.fna,67.78016320840504
TOBG_SP-34.fna,69.94290800998289
TOBG_NP-72.fna,81.16302172296811
TOBG_SP-114.fna,73.71244400962361
TOBG_SP-52.fna,80.03714757568936
TOBG_ARS-40.fna,96.88172351115934
TOBG_CPC-82.fna,87.21324429170998
TOBG_MED-659.fna,87.21357800298581
TOBG_SP-145.fna,77.25421220080858
TOBG_NP-58.fna,76.25100063098014
TOBG_SP-194.fna,67.06534089232736
TOBG_SP-176.fna,70.8097450926505
TOBG_MED-677.fna,76.2082423910547
TOBG_RS-402.fna,76.7104436274268
TOBG_SAT-132.fna,81.20298880778041
TOBG_MED-692.fna,89.12137247757553
TOBG_NP-986.fna,59.15031812689957
TOBG_MED-622.fna,67.90114475810641
TOBG_SP-187.fna,75.62745546829635
TOBG_CPC-61.fna,69.8711950963143
TOBG_MED-745.fna,73.02609491572521
TOBG_CPC-59.fna,70.50119775237127
TOBG_NP-107.fna,83.8487790104127
TOBG_SP-138.fna,73.92375436751847
TOBG_MED-743.fna,64.3017263382431
TOBG_SP-3068.fna,54.34745149007886
TOBG_SP-88.fna,76.61993267391921
TOBG_RS-392.fna,73.73046118962874
TOBG_SP-2978.fna,49.07512982329506
TOBG_SP-208.fna,73.79106854067825
TOBG_CPC-1326.fna,60.500340322362554
TOBG_SAT-2756.fna,83.1277328805588
TOBG_MED-636.fna,59.54505793271337
TOBG_MED-695.fna,88.38169667256754
TOBG_SP-23.fna,79.86284661791704
TOBG_RS-348.fna,70.13525968379878
TOBG_SP-210.fna,70.48924628464715
TOBG_NAT-288.fna,78.93113934857026
TOBG_SAT-145.fna,74.93970107410384
TOBG_NAT-68.fna,67.93335462497242
TOBG_SAT-95.fna,79.00652254994344
TOBG_NP-18.fna,76.59562557734758
TOBG_MED-777.fna,65.58864317780339
TOBG_SP-272.fna,73.31927535806115
TOBG_SAT-157.fna,61.29427861150442
TOBG_NP-65.fna,80.75129583823879
TOBG_SAT-1329.fna,66.40619942305779
TOBG_EAC-107.fna,69.18604976009948
TOBG_RS-406.fna,75.26969515215886
TOBG_NAT-154.fna,59.72275870380075
TOBG_MED-899.fna,59.22816947742862
TOBG_MED-707.fna,76.48152073742162
TOBG_RS-604.fna,56.44350124746229
TOBG_NAT-96.fna,63.19952993468825
TOBG_SAT-38.fna,67.10434001524504
TOBG_IN-35.fna,71.43660213897348
TOBG_MED-921.fna,41.50447249003506
TOBG_SAT-164.fna,79.78351112293491
TOBG_SAT-165.fna,75.0318317179228
TOBG_MED-1093.fna,49.15207381043936
TOBG_NP-1521.fna,72.87930688234988
TOBG_NP-965.fna,52.4352455882677
TOBG_NAT-139.fna,80.66237522801966
TOBG_SP-3063.fna,58.306951939856404
TOBG_SAT-1553.fna,57.614365487749026
TOBG_SP-3014.fna,64.82875856470025
TOBG_ARS-60.fna,76.1676413189991
TOBG_MED-738.fna,73.69677462351885
TOBG_NP-956.fna,36.42841894123288
TOBG_SAT-1510.fna,56.387137847312964
TOBG_SP-3074.fna,54.05104729332573
TOBG_NAT-238.fna,47.15979510738047
TOBG_SAT-1508.fna,54.90810013868009
TOBG_EAC-30.fna,74.72655115575576
TOBG_SP-3024.fna,62.76383072723695
TOBG_SP-3059.fna,59.57753045258543
TOBG_NP-68.fna,79.39916007363132
TOBG_SP-304.fna,77.42136484339645
TOBG_SP-2979.fna,39.09894956110229
TOBG_NAT-188.fna,77.62831142467321
TOBG_EAC-35.fna,66.73092295439767
TOBG_NAT-71.fna,65.22819842914043
TOBG_SAT-1614.fna,48.783198225851265
TOBG_ARS-42.fna,80.25621311337973
TOBG_EAC-24.fna,76.69931237114754
TOBG_IN-1077.fna,68.9376888447605
TOBG_SP-348.fna,72.57243892670238
TOBG_RS-391.fna,71.00298880778043
TOBG_SP-281.fna,73.68451304894334
TOBG_EAC-625.fna,51.597858660528345
TOBG_NAT-284.fna,59.876885167787094
TOBG_SAT-159.fna,76.79149842687866
TOBG_SP-219.fna,85.52927844827782
TOBG_SP-160.fna,73.84078812856154
TOBG_NAT-255.fna,55.61387608864228
TOBG_SAT-1608.fna,58.705800000780194
TOBG_MED-837.fna,60.14452057227841
TOBG_NP-20.fna,65.30497298705892
TOBG_RS-387.fna,64.17540201641083
TOBG_SP-24.fna,75.36736600422253
TOBG_RS-371.fna,69.57354009421817
TOBG_EAC-10.fna,71.70706436943502
TOBG_RS-819.fna,77.68354489046271
TOBG_SP-3044.fna,55.87542746054175
TOBG_MED-813.fna,58.09641535450369
TOBG_NAT-118.fna,64.94929979623436
TOBG_SAT-181.fna,61.24608532941623
TOBG_SP-3041.fna,57.92043442584143
TOBG_RS-388.fna,71.57288890209313
TOBG_SP-3984.fna,71.07586315813552
TOBG_NAT-417.fna,71.17640271970737
TOBG_RS-420.fna,92.79651788433499
TOBG_SAT-13.fna,92.31798986668079
TOBG_SAT-182.fna,90.17994920074813
TOBG_SAT-206.fna,79.44074926339151
TOBG_MED-590.fna,72.83555116517806
TOBG_SP-4023.fna,54.83795304011876
TOBG_NP-28.fna,97.64266027125947
TOBG_SAT-183.fna,82.15659077574665
TOBG_IN-3.fna,98.50921467809549
TOBG_SP-319.fna,76.93075343235772
TOBG_NAT-172.fna,72.66342059971213
TOBG_SP-2972.fna,44.038693427846
TOBG_SP-248.fna,76.4430415152505
TOBG_SP-4044.fna,46.60119798456714
TOBG_SP-4045.fna,54.376957764472316
TOBG_SP-257.fna,81.00702587320806
TOBG_CPC-17.fna,96.33148239688887
TOBG_SP-182.fna,95.82386637983012
TOBG_EAC-20.fna,95.13010293692277
TOBG_IN-12.fna,91.69197919168506
TOBG_NP-92.fna,97.62031336084638
TOBG_EAC-39.fna,97.84582584813751
TOBG_IN-5.fna,77.03253588944368
TOBG_SAT-6.fna,96.39471377913985
TOBG_SP-2.fna,98.56461375983547
TOBG_SAT-92.fna,96.70764827057496
TOBG_CPC-64.fna,90.46982421478174
TOBG_SP-216.fna,84.12887748992723
TOBG_NP-42.fna,63.190705998987
TOBG_SAT-1462.fna,56.20595918018141
TOBG_MED-592.fna,76.40502574822949
TOBG_SAT-69.fna,75.09435560414944
TOBG_MED-753.fna,72.69704718333128
TOBG_SAT-217.fna,73.32247605233157
TOBG_MED-718.fna,75.15499865201427
TOBG_NAT-271.fna,58.02540850512923
TOBG_SP-301.fna,94.40750367026337
TOBG_RS-648.fna,39.16874802837166
TOBG_SP-2989.fna,67.93235021456707
TOBG_SP-263.fna,92.8061176507783
TOBG_NAT-157.fna,93.02109101760892
TOBG_SP-43.fna,92.9311718238569
TOBG_SAT-230.fna,82.20246591369781
TOBG_MED-649.fna,71.58457472713951
TOBG_NAT-12.fna,67.26947895039744
TOBG_NAT-90.fna,68.59554117091783
TOBG_ARS-1441.fna,78.74114645249145
TOBG_MED-955.fna,50.31215083495917
TOBG_NP-944.fna,56.04872919282251
TOBG_RS-626.fna,69.55014748554746
TOBG_SP-3046.fna,42.68123631208315
TOBG_CPC-296.fna,61.326260942287064
TOBG_MED-740.fna,70.56455419629187
TOBG_NP-142.fna,77.99076517063935
TOBG_SAT-139.fna,72.80886561467078
TOBG_SP-3992.fna,60.48881979875017
TOBG_MED-879.fna,52.38292174907722
TOBG_NAT-146.fna,65.64313257684432
TOBG_RS-668.fna,52.294780967924034
TOBG_MED-766.fna,75.24059664864892
TOBG_MED-878.fna,59.279834016547646
TOBG_SP-4288.fna,67.9674540359236
TOBG_CPC-1232.fna,51.33714614077598
TOBG_RS-535.fna,80.999505157755
TOBG_SP-4356.fna,74.04289571130668
TOBG_SAT-228.fna,89.97009769427886
TOBG_MED-591.fna,75.39623089915952
TOBG_SAT-185.fna,72.3175390323633
TOBG_MED-648.fna,83.64346350329387
TOBG_SP-173.fna,66.27832343386956
TOBG_SP-150.fna,82.41418856620047
TOBG_SAT-2788.fna,73.56222390750257
TOBG_SAT-79.fna,71.34421098682122
TOBG_SAT-39.fna,84.20574584511077
TOBG_ARS-7.fna,85.68783995295321
TOBG_NP-2.fna,89.8988912181157
TOBG_SP-358.fna,65.9158947684551
TOBG_CPC-34.fna,69.59369019631556
TOBG_CPC-5.fna,91.41274689873039
TOBG_EAC-5.fna,102.63382922090406
TOBG_NP-127.fna,88.82457456938197
TOBG_SAT-121.fna,71.84079747905956
TOBG_SP-63.fna,82.4536774442397
TOBG_IN-48.fna,73.95040546576823
TOBG_NAT-23.fna,65.43131944907441
TOBG_NP-119.fna,59.42448365020919
TOBG_SAT-135.fna,88.36471218202901
TOBG_SAT-1388.fna,59.5050529372811
TOBG_SP-256.fna,89.26691621637383
TOBG_NAT-88.fna,94.59892567184279
TOBG_SP-249.fna,73.69732261521159
TOBG_SP-39.fna,75.16148240332248
TOBG_MED-666.fna,78.48693108602795
TOBG_CPC-30.fna,82.26307656243381
TOBG_SAT-166.fna,72.5963221008692
TOBG_RS-678.fna,75.09057153353584
TOBG_MED-651.fna,80.71040895534236
TOBG_SP-47.fna,72.4001857387934
TOBG_EAC-650.fna,65.71566890339778
TOBG_NAT-136.fna,80.99941692696892
TOBG_RS-341.fna,73.52698322994182
TOBG_SP-3073.fna,58.809642285181845
TOBG_NAT-179.fna,96.1673644775889
TOBG_NAT-217.fna,50.796406768779725
TOBG_SP-306.fna,65.17578501607055
TOBG_EAC-676.fna,41.97206445187763
TOBG_SP-71.fna,78.9833577298203
TOBG_SP-136.fna,85.90838634921452
TOBG_NAT-55.fna,67.97404112200323
TOBG_RS-431.fna,61.71636692953497
TOBG_SP-3105.fna,58.00896322240325
TOBG_EAC-33.fna,69.45801074932125
TOBG_NAT-45.fna,85.32345170824605
TOBG_SAT-77.fna,71.8938236737588
TOBG_MED-676.fna,72.90571376758906
TOBG_MED-602.fna,85.98449350556406
TOBG_NAT-163.fna,75.27027490676609
TOBG_MED-779.fna,64.73148489853128
TOBG_SP-3004.fna,40.6626790795325
TOBG_ARS-1.fna,50.281150883611716
TOBG_MED-769.fna,59.869037826563066
TOBG_NAT-175.fna,54.51551559923684
TOBG_SAT-168.fna,94.94061739710202
TOBG_SP-282.fna,80.93807626513777
TOBG_SP-185.fna,78.66017601570908
TOBG_RS-408.fna,88.13997719929891
TOBG_SP-3098.fna,49.210086568907556
TOBG_NAT-252.fna,60.24262438264377
TOBG_SP-3040.fna,52.78655188938669
TOBG_EAC-714.fna,63.851834076891336
TOBG_NAT-161.fna,91.46240832570287
TOBG_SP-3109.fna,50.405567458938485
TOBG_CPC-319.fna,52.685422706848314
TOBG_MED-704.fna,91.36307590205381
TOBG_NAT-272.fna,40.03244081831553
TOBG_NP-22.fna,76.82068470210051
TOBG_RS-421.fna,79.87531752775267
TOBG_SP-56.fna,66.32770828420598
TOBG_MED-1001.fna,57.05928942803749
TOBG_MED-1076.fna,77.6577917275969
TOBG_MED-652.fna,72.7936646233034
TOBG_NAT-134.fna,98.89916558654376
TOBG_MED-721.fna,73.35160067040556
TOBG_SAT-179.fna,86.69410745677588
TOBG_SP-279.fna,98.43805692237501
TOBG_SP-341.fna,74.37456559861724
TOBG_SP-62.fna,87.96146710387814
TOBG_CPC-98.fna,95.28774102441888
TOBG_SP-149.fna,99.84143511486074
TOBG_SP-247.fna,86.15688919364
TOBG_SAT-129.fna,89.43177287848027
TOBG_NAT-166.fna,64.68120183517111
TOBG_NAT-205.fna,63.86996794725259
TOBG_SP-82.fna,77.9155829275416
TOBG_CPC-309.fna,42.98688802568515
TOBG_NAT-231.fna,64.77428605463093
TOBG_SP-283.fna,66.1235915602658
TOBG_RS-439.fna,71.06691287947307
TOBG_SP-190.fna,77.54526598920349
TOBG_MED-1247.fna,66.72966598566046
TOBG_SAT-1342.fna,58.24471917365285
TOBG_NP-104.fna,73.16246002195624
TOBG_RS-352.fna,66.952302137669
TOBG_EAC-95.fna,88.46636652507156
TOBG_SAT-104.fna,94.23223308102428
TOBG_MED-603.fna,74.90382289853126
TOBG_MED-604.fna,75.35823485011981
TOBG_CPC-41.fna,93.3744282119635
TOBG_SP-31.fna,81.76067136615995
TOBG_MED-734.fna,75.87297576806775
TOBG_SAT-65.fna,71.81076905984504
TOBG_SAT-43.fna,99.06497283091063
TOBG_SP-162.fna,101.17672363724837
TOBG_NAT-258.fna,48.08149739146374
TOBG_NP-89.fna,96.23600976801434
TOBG_NAT-210.fna,64.39649050109634
TOBG_SP-167.fna,97.21456286398755
TOBG_ARS-18.fna,60.92435522071173
TOBG_EAC-45.fna,88.00099508784766
TOBG_SAT-101.fna,94.76799499664452
TOBG_SP-3072.fna,50.87518372359051
TOBG_NAT-282.fna,53.95030508634244
TOBG_SP-45.fna,68.94149198797226
TOBG_SAT-105.fna,90.7553829773644
TOBG_SP-305.fna,66.44461810888721
TOBG_MED-682.fna,65.9118276962867
TOBG_EAC-74.fna,102.77086845932413
TOBG_SP-74.fna,69.22229454767623
TOBG_SP-104.fna,83.61303919959337
TOBG_CPC-294.fna,48.93936430079134
TOBG_EAC-3.fna,63.65612431680477
TOBG_NAT-15.fna,82.59715875998747
TOBG_CPC-9.fna,88.70001699627795
TOBG_NAT-85.fna,65.7348314821261
TOBG_SAT-51.fna,73.90993252517643
TOBG_EAC-66.fna,81.99070414557531
TOBG_NAT-92.fna,88.52921332006856
TOBG_SP-3030.fna,54.33984063486039
TOBG_EAC-68.fna,69.57126469717072
TOBG_ARS-1018.fna,61.61561220478592
TOBG_ARS-1199.fna,87.75096816764233
TOBG_NAT-165.fna,75.20736944557031
TOBG_MED-614.fna,57.75284718616115
TOBG_MED-853.fna,56.37711153355884
TOBG_RS-428.fna,56.37058442476068
TOBG_SAT-1289.fna,51.233176398648695
TOBG_MED-735.fna,55.28783917308536
TOBG_SAT-107.fna,51.58322308667458
TOBG_CPC-288.fna,44.34139494916364
TOBG_MED-818.fna,64.50974653395406
TOBG_MED-763.fna,60.13757838428093
TOBG_MED-619.fna,78.6626503517966
TOBG_MED-762.fna,62.08399416694125
TOBG_MED-796.fna,69.84582802174906
TOBG_MED-623.fna,53.008097696477776
TOBG_NAT-236.fna,50.14701209037854
TOBG_SAT-226.fna,64.28186673189406
TOBG_MED-621.fna,81.32961719420716
TOBG_NAT-187.fna,79.26779618425397
TOBG_ARS-86.fna,94.79704578856226
TOBG_SAT-103.fna,84.40341224346146
TOBG_SAT-175.fna,76.89448224513181
TOBG_SP-19.fna,96.5292041392471
TOBG_NAT-248.fna,55.813670097303515
TOBG_SP-3028.fna,42.4520094711221
TOBG_CPC-323.fna,69.39089966821726
TOBG_SP-29.fna,70.1271321738494
TOBG_EAC-51.fna,76.83970342734631
TOBG_SAT-49.fna,100.11563644551306
TOBG_SP-76.fna,95.82346043692951
TOBG_IN-17.fna,100.08849787885673
TOBG_SAT-59.fna,83.92156805999359
TOBG_SAT-99.fna,92.90817039129888
TOBG_EAC-92.fna,83.14749643432856
TOBG_IN-23.fna,71.75330939267837
TOBG_SAT-67.fna,81.62537960971082
TOBG_SAT-25.fna,70.62131042632817
TOBG_MED-654.fna,78.75400533685352
TOBG_RS-438.fna,53.7040782883702
TOBG_NAT-41.fna,50.264023798494456
TOBG_CPC-67.fna,92.76739236479725
TOBG_EAC-31.fna,71.47567896776526
TOBG_SAT-106.fna,100.66222329174275
TOBG_NAT-5.fna,72.26872377416349
TOBG_CPC-70.fna,101.08063620556545
TOBG_NP-91.fna,70.57169864678713
TOBG_SP-75.fna,88.50400914832584
TOBG_EAC-108.fna,96.51779054417148
TOBG_EAC-109.fna,94.48502741993588
TOBG_EAC-46.fna,65.781647143417
TOBG_SAT-1509.fna,61.42369725308392
TOBG_NAT-111.fna,87.64299335186465
TOBG_SP-11.fna,94.78837805775991
TOBG_NP-11.fna,53.90463504421393
TOBG_EAC-4.fna,63.57622416658083
TOBG_SAT-19.fna,68.50118415710082
TOBG_MED-588.fna,81.28681501173453
TOBG_SAT-130.fna,81.1045990005714
TOBG_SP-70.fna,73.59878665468021
TOBG_SAT-141.fna,72.25015614459424
TOBG_ARS-95.fna,59.64781929808805
TOBG_SAT-138.fna,83.66099050002173
TOBG_NP-55.fna,62.22238920740974
TOBG_NP-932.fna,55.79533979791193
TOBG_NAT-203.fna,45.83191611023676
TOBG_NAT-422.fna,79.3612578806483
TOBG_SAT-154.fna,74.11680401207684
TOBG_MED-1105.fna,61.33582812637824
TOBG_SP-2983.fna,40.898825770866836
TOBG_EAC-624.fna,55.02568221047828
TOBG_RS-389.fna,78.21148335778844
TOBG_SP-243.fna,71.05473088199814
TOBG_RS-350.fna,92.56087707468087
TOBG_SAT-193.fna,85.99116329400493
TOBG_EAC-682.fna,35.865538159060655
TOBG_SP-4388.fna,80.64347895423332
TOBG_MED-673.fna,81.65671709878951
TOBG_NAT-52.fna,84.99209568532049
TOBG_EAC-723.fna,53.78661117700634
TOBG_SP-3971.fna,78.03934706777021
TOBG_RS-365.fna,76.3896246087858
TOBG_MED-972.fna,43.637146348133456
TOBG_NAT-200.fna,57.801053278413605
TOBG_MED-806.fna,43.12183651886977
TOBG_SP-3111.fna,35.74490296305634
TOBG_SP-3097.fna,61.22443944408651
TOBG_SP-3119.fna,36.23811853827371
TOBG_NAT-221.fna,61.016805148177646
TOBG_SP-342.fna,70.41695536011603
TOBG_ARS-1176.fna,70.48755349235222
TOBG_SP-328.fna,87.93481940037263
TOBG_EAC-649.fna,65.48495645624229
TOBG_RS-816.fna,55.796183290259485
TOBG_MED-746.fna,65.14211738340632
TOBG_SAT-2619.fna,69.5747630235457
TOBG_NAT-224.fna,62.44840672287487
TOBG_MED-598.fna,93.73447436447249
TOBG_MED-645.fna,98.08056545221046
TOBG_SP-108.fna,65.01777585916945
TOBG_EAC-11.fna,90.61091777962504
TOBG_MED-829.fna,69.08600052875614
TOBG_EAC-78.fna,59.925216937586285
TOBG_MED-757.fna,68.87646632256032
TOBG_SP-3060.fna,55.300028977212264
TOBG_SP-84.fna,76.9550612257022
TOBG_MED-713.fna,79.8668224856184
TOBG_SAT-1607.fna,42.852610035434004
TOBG_NAT-510.fna,71.59959003755745
TOBG_SAT-211.fna,66.79119001000812
TOBG_NAT-509.fna,58.39401853903611
TOBG_EAC-99.fna,62.87771241726968
TOBG_MED-731.fna,83.96855709375478
TOBG_NAT-53.fna,78.48739672089926
TOBG_NAT-430.fna,54.478563102669554
TOBG_SP-78.fna,78.86121363222635
TOBG_EAC-117.fna,58.93408360142774
TOBG_SAT-1450.fna,69.88313719990684
TOBG_NAT-74.fna,85.93252240351842
TOBG_NAT-62.fna,82.6205494192268
TOBG_NAT-81.fna,74.10349898869188
TOBG_NP-41.fna,70.3944113758504
TOBG_SAT-1451.fna,60.523373461737755
TOBG_SP-142.fna,83.81691296333332
TOBG_NAT-1.fna,63.996387176627564
TOBG_CPC-53.fna,83.79573547185788
TOBG_NP-955.fna,64.20269561251237
TOBG_SP-35.fna,66.0540482722453
TOBG_RS-826.fna,70.77939424174691
TOBG_SP-4360.fna,71.28267225559578
TOBG_SP-102.fna,74.3607940874557
TOBG_SP-3966.fna,52.6530920722569
TOBG_EAC-83.fna,77.15029396076686
TOBG_RS-346.fna,79.10473429220909
TOBG_SP-188.fna,91.42182433910692
TOBG_SP-343.fna,81.14426050417578
TOBG_NAT-220.fna,39.67280742469775
TOBG_RS-416.fna,68.96326987388768
TOBG_NAT-241.fna,47.264789418717285
TOBG_MED-732.fna,58.59617540553494
TOBG_SP-292.fna,95.39257983005939
TOBG_EAC-34.fna,89.02905393516764
TOBG_RS-453.fna,58.013667880010864
TOBG_SAT-220.fna,83.62179195659968
TOBG_SP-69.fna,73.90804664078617
TOBG_MED-1233.fna,36.13404527125927
TOBG_MED-736.fna,72.88674111305598
TOBG_NAT-18.fna,86.49729280115146
TOBG_MED-835.fna,58.21336258839124
TOBG_SP-196.fna,90.30202605004288
TOBG_SP-267.fna,96.01108049421751
TOBG_MED-712.fna,70.66394204869032
TOBG_SP-224.fna,70.58750720190567
TOBG_EAC-2011.fna,64.66107467867094
TOBG_SAT-221.fna,89.19572955878431
TOBG_SP-344.fna,93.54790917151351
TOBG_MED-744.fna,57.53266319860605
TOBG_MED-747.fna,90.23392152899984
TOBG_CPC-97.fna,70.59979456673226
TOBG_MED-596.fna,71.21446553559737
TOBG_MED-703.fna,75.15595386045742
TOBG_RS-820.fna,88.31770888962677
TOBG_SP-262.fna,78.88488328450141
TOBG_SP-316.fna,84.90759165692035
TOBG_MED-589.fna,77.7990662486323
TOBG_NAT-190.fna,75.28177110034713
TOBG_NP-132.fna,99.32913010084735
TOBG_MED-650.fna,58.54532627362416
TOBG_RS-344.fna,74.16854555613698
TOBG_MED-831.fna,58.97635726783815
TOBG_EAC-657.fna,57.09290810414092
TOBG_NAT-40.fna,73.62741717779166
TOBG_MED-850.fna,59.763008871961134
TOBG_NAT-70.fna,77.34915468725879
TOBG_NAT-39.fna,60.92365172543339
TOBG_NP-970.fna,52.65735963452511
TOBG_ARS-1019.fna,60.564091432667304
TOBG_EAC-81.fna,60.51828494610665
TOBG_CPC-3.fna,83.10413667760369
TOBG_NAT-535.fna,77.34620441105112
TOBG_SAT-1431.fna,54.43588099488379
TOBG_SP-174.fna,68.25309781852124
TOBG_SP-4154.fna,76.48611502556807
TOBG_RS-419.fna,77.23669842169878
TOBG_SP-89.fna,52.89464034733817
TOBG_NP-1052.fna,76.48374577948269
TOBG_SP-293.fna,76.87282161382555
TOBG_NAT-145.fna,92.34925626651568
TOBG_NP-1046.fna,68.97954872305874
TOBG_SP-13.fna,85.962508067764
TOBG_MED-630.fna,73.84901716122866
TOBG_NP-17.fna,84.32108768751574
TOBG_MED-748.fna,73.05470282840002
TOBG_NP-931.fna,42.51232493126932
TOBG_SP-335.fna,68.17539307721216
TOBG_MED-641.fna,81.44672716520101
TOBG_EAC-1785.fna,55.069190136804316
TOBG_SAT-201.fna,73.84693498867148
TOBG_MED-1153.fna,56.013188415086915
TOBG_MED-827.fna,58.020377810875104
TOBG_MED-965.fna,58.04119646891323
TOBG_SP-299.fna,90.73602839112375
TOBG_CPC-305.fna,56.50184304478321
TOBG_SP-94.fna,62.48096783545814
TOBG_NP-1070.fna,71.43705194462909
TOBG_SP-2975.fna,51.058277882676705
TOBG_MED-1094.fna,57.885974590377046
TOBG_ARS-59.fna,75.46898833480205
TOBG_SP-156.fna,89.68118217979662
TOBG_MED-803.fna,68.8076795380335
TOBG_MED-834.fna,63.341976393133294
TOBG_MED-756.fna,79.3498648093423
TOBG_MED-629.fna,72.7328905756275
TOBG_NP-53.fna,76.41846705894513
TOBG_SAT-155.fna,97.64904931447228
TOBG_CPC-289.fna,61.75351404514417
TOBG_MED-1116.fna,82.34885436029592
TOBG_SP-27.fna,91.42560699288121
TOBG_MED-689.fna,69.38781867907136
TOBG_MED-715.fna,90.33971988841385
TOBG_MED-1155.fna,49.036951927995865
TOBG_SP-337.fna,90.67325353841652
TOBG_SP-486.fna,78.69687016969173
TOBG_MED-667.fna,73.72994424861187
TOBG_SP-38.fna,76.65675795219153
TOBG_NAT-32.fna,58.57470867399261
TOBG_NP-23.fna,85.54618595709972
TOBG_MED-861.fna,66.80026214405618
TOBG_NP-32.fna,96.33967403460335
TOBG_CPC-31.fna,86.46737588685752
TOBG_SAT-87.fna,85.00299172267421
TOBG_NP-99.fna,93.08720787654096
TOBG_RS-376.fna,73.99138357850386
TOBG_SP-12.fna,73.29767906442434
TOBG_ARS-75.fna,62.93891860270017
TOBG_EAC-662.fna,68.31831321051673
TOBG_SP-115.fna,81.05743300429741
TOBG_NAT-66.fna,80.76362444926241
TOBG_RS-380.fna,67.71827203490977
TOBG_MED-674.fna,73.74606195922452
TOBG_MED-616.fna,71.79461975124524
TOBG_RS-412.fna,69.93091296019934
TOBG_MED-1227.fna,50.5051170160938
TOBG_MED-585.fna,69.27834699565621
TOBG_MED-617.fna,73.21229659087048
TOBG_MED-657.fna,93.05909701354648
TOBG_SAT-1403.fna,41.22843536820025
TOBG_IN-18.fna,60.22821852331896
TOBG_SAT-9.fna,75.48385686303571
TOBG_SP-123.fna,100.41007730587569
TOBG_EAC-21.fna,84.87027886331767
TOBG_SAT-60.fna,79.2034858417468
TOBG_ARS-1434.fna,76.57695688754508
TOBG_MED-620.fna,83.76115041954225
TOBG_MED-797.fna,60.083290526642664
TOBG_SAT-2755.fna,86.60685367770496
TOBG_SP-101.fna,65.57340804885445
TOBG_SP-18.fna,85.89920932091482
TOBG_NAT-72.fna,75.39689288385986
TOBG_SP-285.fna,65.33678878605355
TOBG_EAC-13.fna,86.43752695683989
TOBG_SP-4027.fna,43.15007014135036
TOBG_ARS-28.fna,77.46426425638708
TOBG_RS-423.fna,65.63635426736892
TOBG_MED-599.fna,74.69440675214443
TOBG_NAT-79.fna,73.98882650732473
TOBG_NP-60.fna,78.47811953415659
TOBG_SAT-10.fna,80.73542109340973
TOBG_NP-101.fna,80.25548072667746
TOBG_SP-81.fna,86.78398364647782
TOBG_MED-716.fna,95.07593871987311
TOBG_MED-1261.fna,59.85203886923406
TOBG_SP-3029.fna,39.76003972113076
TOBG_SP-289.fna,63.93258160975304
TOBG_CPC-1399.fna,53.75104873423449
TOBG_NAT-686.fna,57.740743932290314
TOBG_NAT-259.fna,71.19199131827266
TOBG_NP-64.fna,68.03565376193902
TOBG_MED-828.fna,52.46083178467044
TOBG_SAT-17.fna,52.392403161862305
TOBG_SP-362.fna,82.72833542718004
TOBG_SAT-137.fna,77.95966598566045
TOBG_MED-809.fna,41.6336061872342
TOBG_NAT-237.fna,44.75126872635121
TOBG_MED-765.fna,95.0927967740774
TOBG_SAT-197.fna,71.08771724055471
TOBG_NP-945.fna,44.9696821388675
TOBG_NAT-176.fna,94.44997048520509
TOBG_NP-120.fna,101.60861557373958
TOBG_NP-47.fna,93.50192558443172
TOBG_SP-332.fna,71.86020494192364
TOBG_SP-250.fna,73.12409765637894
TOBG_SP-330.fna,89.24553258810347
TOBG_NAT-197.fna,47.034210450067356
TOBG_MED-792.fna,52.249135947697596
TOBG_SP-22.fna,74.4942093591986
TOBG_NP-150.fna,51.4048761400012
TOBG_RS-373.fna,75.42632619770016
TOBG_EAC-62.fna,102.0853990073065
TOBG_IN-10.fna,102.55556046930015
TOBG_SAT-117.fna,82.89525931578196
TOBG_CPC-79.fna,73.49494582259163
TOBG_EAC-52.fna,99.76381502288604
TOBG_SP-154.fna,101.16705904954576
TOBG_SP-360.fna,69.97155060414063
TOBG_EAC-32.fna,82.11899499238703
TOBG_SP-201.fna,87.05414691392964
TOBG_SP-189.fna,66.90710827216617
TOBG_SP-3.fna,101.59842498924607
TOBG_SP-8.fna,79.52647149509278
TOBG_ARS-67.fna,78.73521000115444
TOBG_NAT-102.fna,69.41457685539639
TOBG_ARS-102.fna,85.45574348058354
TOBG_SAT-1401.fna,53.18121302620298
TOBG_SP-21.fna,75.14426087637764
TOBG_SP-2999.fna,69.53245300224086
TOBG_NAT-182.fna,79.59869087663353
TOBG_SAT-2766.fna,77.05208265531085
TOBG_SP-157.fna,83.49646212003668
TOBG_MED-768.fna,68.34458730987686
TOBG_MED-820.fna,52.141396680178566
TOBG_MED-582.fna,70.9917365908106
TOBG_MED-729.fna,65.22140649140647
TOBG_SP-3055.fna,51.59041029088517
TOBG_NP-100.fna,97.44044438096095
TOBG_MED-635.fna,74.5908691400012
TOBG_SAT-47.fna,63.73927394937485
TOBG_CPC-23.fna,81.23600400391936
TOBG_ARS-45.fna,75.2150257088796
TOBG_SAT-180.fna,80.5390865853251
TOBG_ARS-13.fna,77.55561354388814
TOBG_SAT-195.fna,81.9826195474408
TOBG_ARS-93.fna,91.1777731281124
TOBG_ARS-71.fna,88.0185448939882
TOBG_EAC-29.fna,69.1270688528506
TOBG_MED-597.fna,75.39045983135468
TOBG_SAT-2911.fna,91.16883439839737
TOBG_SP-4220.fna,84.74573011575387
TOBG_ARS-1358.fna,81.87097151103508
TOBG_MED-1017.fna,54.78392599065779
TOBG_MED-880.fna,60.74996335878355
