genome,cluster,score
TOBG_SAT-176.fna,1_0,57.275766916522336
TOBG_SP-4038.fna,2_0,65.57090578369537
TOBG_NAT-124.fna,3_0,67.96940129768737
TOBG_SP-109.fna,4_0,65.15967397040852
TOBG_RS-817.fna,5_1,82.64328248196583
TOBG_EAC-2021.fna,6_1,68.92253549513954
TOBG_SAT-1449.fna,7_0,60.38326604520409
TOBG_NAT-168.fna,8_0,75.53010488508103
TOBG_SAT-213.fna,9_0,69.81288850200875
TOBG_CPC-71.fna,10_1,93.42698021258128
TOBG_IN-13.fna,11_1,88.46261598606876
TOBG_SP-119.fna,12_0,75.91310809926553
TOBG_NP-5.fna,13_1,76.81222047455375
TOBG_SAT-227.fna,14_0,59.14169950185518
TOBG_ARS-1168.fna,15_0,76.74343666786244
TOBG_NP-77.fna,16_0,77.78810055122703
TOBG_ARS-1330.fna,17_0,81.91144499407663
TOBG_NAT-117.fna,18_0,90.14461134848021
TOBG_NAT-290.fna,19_0,96.27381458136075
TOBG_RS-363.fna,20_0,84.65062270395275
TOBG_RS-415.fna,21_0,69.60783875028346
TOBG_MED-632.fna,22_1,74.65416052663105
TOBG_NP-79.fna,23_0,78.73515485415058
TOBG_IN-47.fna,24_0,67.80458149968247
TOBG_NP-122.fna,25_0,79.60494966239011
TOBG_SAT-1331.fna,26_0,54.37186023018765
TOBG_ARS-46.fna,27_0,62.40030923744799
TOBG_NP-54.fna,28_0,62.90953681482057
TOBG_SP-340.fna,29_1,70.05780656137539
TOBG_NP-138.fna,30_0,72.22785849411041
TOBG_NAT-225.fna,31_0,61.286328025415145
TOBG_RS-464.fna,32_0,70.26476574763988
TOBG_SP-183.fna,33_0,66.66563936774467
TOBG_ARS-81.fna,34_0,63.30199391487423
TOBG_SP-274.fna,35_0,76.44421159679322
TOBG_CPC-1.fna,36_0,74.4548469348639
TOBG_ARS-1360.fna,37_0,86.18102064931605
TOBG_MED-609.fna,38_0,78.47632432951673
TOBG_NAT-2.fna,39_0,65.50333996338058
TOBG_SAT-177.fna,40_0,93.22741478097555
TOBG_NP-973.fna,41_0,53.23427618564378
TOBG_SP-334.fna,42_0,87.22768416748895
TOBG_ARS-66.fna,43_0,64.29666317020174
TOBG_SP-3084.fna,44_0,66.44427711407516
TOBG_ARS-120.fna,45_0,47.27105906684728
TOBG_NP-36.fna,46_0,66.08851599281302
TOBG_NP-85.fna,47_0,76.22570035358558
TOBG_NP-951.fna,48_0,59.83769023376372
TOBG_SP-4225.fna,49_0,67.13611274308322
TOBG_MED-694.fna,50_0,80.64648360319357
TOBG_SAT-152.fna,51_0,90.85542904950346
TOBG_NAT-185.fna,52_0,72.63476519037451
TOBG_SP-112.fna,53_1,84.12212830060079
TOBG_NP-124.fna,54_0,55.434892847008285
TOBG_NP-6.fna,55_0,86.34027097500827
TOBG_NP-4.fna,56_0,85.45768203445907
TOBG_SP-311.fna,57_1,86.28431709302602
TOBG_NP-105.fna,58_1,71.29909795418807
TOBG_SP-3003.fna,59_0,51.69697910651577
TOBG_SP-191.fna,60_0,66.46468172109735
TOBG_SP-4379.fna,61_1,92.1176045425459
TOBG_SAT-1369.fna,62_0,46.21529816775038
TOBG_RS-458.fna,63_1,63.64486409078494
TOBG_SP-2970.fna,63_2,41.12811854915162
TOBG_SP-204.fna,64_0,64.18712781045069
TOBG_RS-381.fna,65_1,78.03703461373544
TOBG_SP-3013.fna,65_2,56.66225661634907
TOBG_NP-954.fna,66_0,57.425898920819144
TOBG_SAT-1359.fna,67_0,60.055160533070826
TOBG_ARS-4.fna,68_0,79.93274449938873
TOBG_MED-841.fna,69_0,62.31660896709952
TOBG_SAT-33.fna,70_0,71.43121063698784
TOBG_NAT-141.fna,71_0,82.0864987296542
TOBG_EAC-75.fna,72_0,66.31761948765532
TOBG_MED-830.fna,73_0,62.942970678276005
TOBG_ARS-11.fna,74_0,68.36660541622807
TOBG_MED-752.fna,75_0,81.66710609811506
TOBG_ARS-33.fna,76_0,79.02058824997053
TOBG_SP-4369.fna,77_0,79.79693248390552
TOBG_CPC-73.fna,78_0,85.51221753526752
TOBG_CPC-75.fna,79_0,69.85254355996436
TOBG_ARS-34.fna,80_0,74.61702492096866
TOBG_SP-15.fna,81_0,75.54059333573544
TOBG_NAT-129.fna,82_1,80.641817705799
TOBG_NAT-130.fna,83_0,73.53510642744811
TOBG_SAT-114.fna,84_0,74.1934199746422
TOBG_SAT-3021.fna,85_0,70.06120955427055
TOBG_RS-386.fna,86_1,84.15085421044571
TOBG_SAT-126.fna,86_2,67.03338294477037
TOBG_MED-778.fna,87_0,74.68390276613532
TOBG_NAT-22.fna,88_0,66.83803870996863
TOBG_SP-10.fna,89_0,93.85039045741512
TOBG_SAT-162.fna,90_1,78.699725703806
TOBG_ARS-1032.fna,91_0,60.45221325507087
TOBG_NP-113.fna,92_0,73.70566985198256
TOBG_ARS-76.fna,93_0,83.92251643506665
TOBG_IN-921.fna,94_0,56.46964736087673
TOBG_NP-117.fna,95_0,93.1547468566075
TOBG_NP-81.fna,96_0,60.28354009421818
TOBG_IN-42.fna,97_0,88.3430199282849
TOBG_CPC-96.fna,98_0,77.49578196003517
TOBG_SP-4366.fna,99_0,53.27337082708956
TOBG_NP-37.fna,100_0,75.87059754827555
TOBG_EAC-43.fna,101_1,72.09711827647725
TOBG_SAT-56.fna,102_0,84.97649188140849
TOBG_SP-121.fna,103_0,68.80812798078234
TOBG_SP-110.fna,104_0,95.31845242566824
TOBG_CPC-297.fna,105_0,58.95984079583118
TOBG_MED-708.fna,106_0,75.21138678503735
TOBG_CPC-85.fna,107_0,81.87326898051575
TOBG_CPC-29.fna,108_0,71.64614430628406
TOBG_SP-137.fna,109_0,80.57085048758344
TOBG_SP-4365.fna,110_0,85.53113295573004
TOBG_CPC-86.fna,111_0,53.982093998197634
TOBG_SP-96.fna,112_0,63.079903226809805
TOBG_MED-580.fna,113_0,62.117532082165624
TOBG_MED-671.fna,114_0,89.60238678574964
TOBG_MED-608.fna,115_0,68.85502140013212
TOBG_SP-135.fna,116_0,92.87739950684406
TOBG_NAT-13.fna,117_1,78.35093300738487
TOBG_MED-660.fna,118_0,82.3986822508304
TOBG_NAT-19.fna,119_1,92.2531470493352
TOBG_MED-719.fna,120_0,76.79942261499421
TOBG_SP-5.fna,121_0,84.99833628635633
TOBG_NAT-131.fna,122_0,74.37960810969686
TOBG_NAT-8.fna,123_0,66.23310431930736
TOBG_EAC-647.fna,124_0,65.37641435912843
TOBG_NAT-178.fna,125_0,84.39854785862507
TOBG_SP-161.fna,126_0,78.03147097089577
TOBG_RS-383.fna,127_0,69.918254564171
TOBG_RS-395.fna,128_0,82.80346125473453
TOBG_NP-87.fna,129_0,89.69745758628572
TOBG_ARS-63.fna,130_0,73.31368564382373
TOBG_CPC-51.fna,131_0,83.31886215335675
TOBG_NP-109.fna,132_0,84.33247496702491
TOBG_NP-33.fna,133_0,73.18661207911212
TOBG_SAT-52.fna,134_0,84.52905052914619
TOBG_NAT-253.fna,135_0,53.381409782261635
TOBG_NAT-7.fna,136_0,54.4120002057199
TOBG_NAT-239.fna,137_0,68.82242200966856
TOBG_NP-52.fna,138_1,81.21072243754769
TOBG_RS-404.fna,138_2,79.11069736043488
TOBG_NP-25.fna,139_1,90.77667544886373
TOBG_IN-25.fna,140_0,86.36288910641429
TOBG_NP-56.fna,141_0,90.39774980875815
TOBG_CPC-81.fna,142_1,82.0029834184695
TOBG_EAC-103.fna,143_0,80.81965799279547
TOBG_SAT-46.fna,144_0,93.49239803216499
TOBG_NAT-169.fna,145_0,69.82778280935564
TOBG_SP-349.fna,146_1,82.84789374464121
TOBG_RS-454.fna,147_1,66.49478143923311
TOBG_SP-351.fna,148_0,71.9085204531551
TOBG_ARS-1426.fna,149_0,85.6966727859091
TOBG_NP-80.fna,150_0,86.84059526630766
TOBG_NAT-100.fna,151_0,75.22947289712155
TOBG_NP-966.fna,152_0,56.28529559509292
TOBG_NP-106.fna,153_0,68.85989529305317
TOBG_EAC-9.fna,154_1,77.08958165549356
TOBG_NAT-108.fna,154_2,61.77643841698885
TOBG_NP-57.fna,154_3,68.75678911363921
TOBG_ARS-17.fna,155_1,66.00372421343444
TOBG_NP-133.fna,155_2,86.23859567234535
TOBG_NAT-123.fna,156_0,60.54015657542017
TOBG_RS-456.fna,157_0,62.81536313101093
TOBG_SP-203.fna,158_0,58.55294682273055
TOBG_NP-936.fna,159_0,54.79116427921324
TOBG_SAT-150.fna,160_0,70.64884981254387
TOBG_RS-615.fna,161_0,43.35822834062672
TOBG_SP-3983.fna,162_0,54.000413148670845
TOBG_RS-361.fna,163_0,80.92447529742577
TOBG_RS-797.fna,164_0,84.62646920387401
TOBG_SP-197.fna,165_0,81.88037506318763
TOBG_SP-218.fna,166_0,79.2522882194261
TOBG_SP-4387.fna,167_0,90.89734925097322
TOBG_ARS-15.fna,168_0,85.94408989349049
TOBG_ARS-61.fna,169_0,72.6147229291369
TOBG_ARS-65.fna,170_0,79.03698630943032
TOBG_EAC-49.fna,171_1,102.3469824710683
TOBG_SAT-110.fna,172_0,65.87166426888597
TOBG_SAT-2.fna,173_0,63.16940832928661
TOBG_IN-8.fna,174_0,79.05352293621365
TOBG_MED-672.fna,175_0,58.299531562246266
TOBG_SP-128.fna,176_0,99.73592543027709
TOBG_CPC-58.fna,177_0,73.0108779393694
TOBG_NP-1.fna,178_0,63.382634650866535
TOBG_SAT-111.fna,179_0,92.96122706057226
TOBG_RS-355.fna,180_1,94.00183200005797
TOBG_NAT-30.fna,181_1,93.50176826102313
TOBG_SAT-64.fna,181_2,71.9799750387169
TOBG_SAT-113.fna,182_1,81.79282314071995
TOBG_SP-1.fna,183_0,78.27400613910767
TOBG_EAC-73.fna,184_0,88.23440384726592
TOBG_CPC-21.fna,185_1,97.60396715068951
TOBG_NP-952.fna,186_0,61.679593090208066
TOBG_MED-856.fna,187_1,67.18296988466084
TOBG_SP-237.fna,187_2,74.06215136345621
TOBG_NP-40.fna,188_1,87.74212843490608
TOBG_SP-3094.fna,188_2,56.29032465532378
TOBG_NAT-276.fna,189_0,50.943621558194046
TOBG_NAT-46.fna,190_0,80.23727486341886
TOBG_CPC-72.fna,191_0,85.20817920810833
TOBG_SP-179.fna,192_0,86.90975409794187
TOBG_RS-697.fna,193_0,86.99137100528694
TOBG_SAT-1434.fna,194_0,45.39987102656218
TOBG_SAT-42.fna,195_0,76.07310356224122
TOBG_SP-125.fna,196_0,91.27286231659019
TOBG_EAC-36.fna,197_0,85.22015624571284
TOBG_ARS-31.fna,198_0,65.89158880470903
TOBG_IN-1311.fna,199_0,34.66057736291627
TOBG_SP-275.fna,200_0,68.66599037208987
TOBG_MED-624.fna,201_1,76.09352532946956
TOBG_SP-186.fna,201_2,90.39129204277829
TOBG_IN-28.fna,202_0,86.02465973661802
TOBG_MED-653.fna,203_0,93.55890627170756
TOBG_NAT-89.fna,204_0,88.75863073305342
TOBG_NAT-16.fna,205_1,91.78767503002008
TOBG_SP-144.fna,206_0,75.86341157223512
TOBG_MED-702.fna,207_1,81.94901828031296
TOBG_CPC-7.fna,208_1,90.5672280099798
TOBG_EAC-631.fna,209_0,64.77721997036672
TOBG_EAC-6.fna,210_1,78.75590528226066
TOBG_NAT-113.fna,211_0,61.52854477263549
TOBG_MED-728.fna,212_0,93.40353429075705
TOBG_SP-124.fna,213_0,72.18939571718312
TOBG_CPC-54.fna,214_0,70.12396521875648
TOBG_NAT-149.fna,215_0,69.24615694456031
TOBG_NP-34.fna,216_0,79.68247217963076
TOBG_NP-43.fna,217_0,52.25933349732224
TOBG_ARS-3.fna,218_0,83.17416030677853
TOBG_NAT-212.fna,219_0,59.1135613799638
TOBG_EAC-71.fna,220_1,76.25366881813383
TOBG_NP-26.fna,221_1,97.65781909134199
TOBG_SAT-7.fna,222_1,76.19821734670808
TOBG_RS-367.fna,223_0,69.78782828356894
TOBG_EAC-1.fna,224_1,81.94010300031388
TOBG_RS-397.fna,225_1,80.35166018801984
TOBG_ARS-1036.fna,226_0,66.2698435413092
TOBG_SP-246.fna,227_0,72.88105569655893
TOBG_SAT-22.fna,228_0,89.5524547882098
TOBG_SP-17.fna,229_1,87.8986595643906
TOBG_SP-245.fna,230_1,75.87037108212391
TOBG_SP-118.fna,231_0,78.86276425765658
TOBG_MED-587.fna,232_1,102.33945702710214
TOBG_EAC-76.fna,233_0,97.92811815823597
TOBG_NAT-173.fna,234_0,89.5231944605764
TOBG_SAT-5.fna,235_0,76.65256056356226
TOBG_NAT-3.fna,236_0,67.74197748147932
TOBG_SAT-55.fna,237_0,88.33625097711263
TOBG_SAT-27.fna,238_0,100.09903115103499
TOBG_SP-140.fna,239_1,78.41381215264903
TOBG_SP-169.fna,240_1,92.2804015964196
TOBG_EAC-98.fna,241_1,76.32449255620365
TOBG_MED-1008.fna,242_0,33.66034115316274
TOBG_RS-422.fna,243_0,64.90113929094777
TOBG_NAT-33.fna,244_1,98.1144318416295
TOBG_CPC-40.fna,245_0,86.30571646430035
TOBG_NAT-167.fna,246_0,57.134251910054864
TOBG_ARS-5.fna,247_0,78.10095456008987
TOBG_CPC-19.fna,248_1,98.5585583378564
TOBG_SP-126.fna,249_0,86.60342205581263
TOBG_NP-29.fna,250_0,89.559279854592
TOBG_EAC-56.fna,251_0,87.3526048571923
TOBG_NAT-17.fna,252_0,54.99567064069789
TOBG_SAT-108.fna,253_1,74.49719930834935
TOBG_SAT-4.fna,254_1,93.40811104501708
TOBG_SAT-54.fna,255_0,83.94993812093733
TOBG_SP-159.fna,256_1,86.32236485586873
TOBG_MED-633.fna,257_1,96.41218459402081
TOBG_SAT-37.fna,258_0,87.84295117810701
TOBG_SP-158.fna,259_0,83.89929454164636
TOBG_SAT-90.fna,260_1,81.32942184877336
TOBG_SAT-198.fna,261_0,88.31265353086467
TOBG_EAC-16.fna,262_0,70.94264165830943
TOBG_NAT-82.fna,263_0,81.61744458800675
TOBG_SAT-194.fna,264_1,92.14449525393
TOBG_SAT-23.fna,265_0,73.75835201985002
TOBG_IN-16.fna,266_0,66.3067922877577
TOBG_IN-22.fna,267_0,84.92359692518421
TOBG_CPC-25.fna,268_0,91.94815827233747
TOBG_EAC-77.fna,269_0,101.8211450032127
TOBG_NAT-170.fna,270_0,76.44715229826811
TOBG_CPC-32.fna,271_0,91.8096799572438
TOBG_EAC-683.fna,272_0,49.10424978514192
TOBG_NAT-10.fna,273_0,74.84380262451766
TOBG_NAT-291.fna,274_0,89.464289510194
TOBG_EAC-60.fna,275_0,88.19117185550492
TOBG_SP-61.fna,276_0,78.62428583316066
TOBG_NAT-21.fna,277_0,88.68288298209133
TOBG_SP-28.fna,278_0,78.02440720397256
TOBG_NP-997.fna,279_0,67.45281495109862
TOBG_MED-1190.fna,280_0,49.76234678733629
TOBG_MED-730.fna,281_0,76.39720075010166
TOBG_SP-240.fna,282_0,90.15784147041208
TOBG_CPC-320.fna,283_1,65.10314041336267
TOBG_NAT-158.fna,284_0,99.76697224272243
TOBG_IN-21.fna,285_0,98.2718745995932
TOBG_SAT-66.fna,286_0,84.88401114958614
TOBG_IN-14.fna,287_0,68.23405371617115
TOBG_MED-605.fna,288_0,74.8304578235227
TOBG_ARS-27.fna,289_0,68.42566222089621
TOBG_NP-964.fna,290_0,54.742000524561576
TOBG_NP-992.fna,291_0,57.361816622253066
TOBG_SAT-2787.fna,292_0,90.09349745453044
TOBG_MED-611.fna,293_0,73.8707865009389
TOBG_MED-615.fna,294_0,72.40490192434315
TOBG_CPC-69.fna,295_1,96.44063554124894
TOBG_MED-595.fna,296_0,77.88141297957675
TOBG_MED-717.fna,297_0,65.77664990484591
TOBG_SAT-98.fna,298_1,88.19951969978031
TOBG_MED-610.fna,299_0,75.99395958726708
TOBG_EAC-37.fna,300_1,85.0644484187109
TOBG_IN-32.fna,301_0,66.7301924384802
TOBG_MED-668.fna,302_0,85.84695267446865
TOBG_SP-2982.fna,303_0,56.00647470612844
TOBG_SP-350.fna,304_1,101.76386232716334
TOBG_CPC-80.fna,305_0,71.83457714652694
TOBG_SAT-112.fna,306_0,72.65004935204165
TOBG_NP-27.fna,307_1,82.56922627520231
TOBG_SP-259.fna,308_1,78.21327343514025
TOBG_CPC-14.fna,308_2,100.07288867822305
TOBG_SP-86.fna,309_0,64.24576246898309
TOBG_CPC-43.fna,310_1,100.55328649908104
TOBG_SAT-28.fna,310_2,93.18470488408661
TOBG_SAT-1308.fna,311_0,59.096394168734705
TOBG_SP-131.fna,312_0,79.408618482049
TOBG_IN-19.fna,313_0,82.08007501187885
TOBG_NAT-127.fna,314_0,79.23099050002173
TOBG_SAT-26.fna,315_0,96.67642416819503
TOBG_NAT-109.fna,316_1,73.07368856694313
TOBG_NP-1472.fna,317_0,68.92346389247963
TOBG_NP-1444.fna,318_0,69.37038206873589
TOBG_MED-759.fna,319_0,75.20463792021715
TOBG_MED-814.fna,320_0,58.998490871566766
TOBG_MED-626.fna,321_0,70.93682373610461
TOBG_SP-151.fna,322_0,99.22623933919104
TOBG_SP-320.fna,323_1,80.90032016863374
TOBG_RS-382.fna,324_0,78.11259588179345
TOBG_SP-253.fna,325_0,64.95149857970804
TOBG_NP-948.fna,326_0,66.27650584317068
TOBG_NP-949.fna,327_0,57.0549440997753
TOBG_SP-213.fna,328_1,72.93146560139141
TOBG_NP-942.fna,329_0,54.63822452585821
TOBG_SAT-97.fna,330_1,87.22850191855021
TOBG_CPC-2.fna,331_0,96.65084604824082
TOBG_NAT-67.fna,332_0,57.53468461194464
TOBG_SP-177.fna,333_0,79.31232358965369
TOBG_RS-342.fna,334_1,96.2280975856152
TOBG_SAT-75.fna,334_2,89.29658168920616
TOBG_IN-29.fna,335_0,91.96175065032072
TOBG_CPC-24.fna,336_0,75.04401902467659
TOBG_MED-815.fna,337_0,48.976415981877395
TOBG_MED-928.fna,338_0,44.002204587743265
TOBG_NAT-43.fna,339_1,71.6203407363689
TOBG_SP-98.fna,339_2,65.07000699769868
TOBG_SAT-35.fna,340_1,98.01029941895067
TOBG_EAC-47.fna,340_2,68.65275921221678
TOBG_SAT-189.fna,341_0,87.84026714155722
TOBG_CPC-20.fna,342_0,58.90461001153249
TOBG_MED-810.fna,343_0,60.45220224647042
TOBG_SP-3982.fna,344_0,68.0685477673032
TOBG_SAT-83.fna,345_1,91.19559402400724
TOBG_EAC-58.fna,346_0,93.30895197229647
TOBG_MED-698.fna,347_0,78.66727308050744
TOBG_SP-238.fna,348_0,90.11804407535392
TOBG_MED-825.fna,349_0,66.17025620140335
TOBG_MED-690.fna,350_0,82.67344019895855
TOBG_SAT-18.fna,351_0,75.11256694657094
TOBG_RS-465.fna,352_1,63.31345411131719
TOBG_EAC-86.fna,353_1,78.46590939022909
TOBG_ARS-1012.fna,354_1,58.56789764077699
TOBG_CPC-316.fna,354_2,59.799011915290365
TOBG_SP-3017.fna,355_0,58.022795027378166
TOBG_SP-171.fna,356_0,68.69696758965027
TOBG_SAT-31.fna,357_1,96.50989972027891
TOBG_SP-180.fna,358_0,93.16941253348114
TOBG_SP-3112.fna,359_0,59.32088330092976
TOBG_SP-331.fna,360_0,73.8565260550685
TOBG_IN-15.fna,361_1,68.73543940407424
TOBG_EAC-50.fna,362_0,92.56182167987808
TOBG_NP-45.fna,363_1,64.62506074055472
TOBG_NP-96.fna,364_1,72.82961166879639
TOBG_CPC-8.fna,364_2,101.06718291846597
TOBG_SP-333.fna,365_0,73.90845804899833
TOBG_SP-32.fna,366_1,97.51035426425497
TOBG_CPC-11.fna,367_1,85.23680662717439
TOBG_NP-94.fna,368_1,89.34016887447919
TOBG_NP-13.fna,369_0,88.27041058792673
TOBG_NP-90.fna,370_0,96.96438736356696
TOBG_SAT-93.fna,371_0,90.80380320802696
TOBG_RS-426.fna,372_0,68.78538603585282
TOBG_RS-822.fna,373_0,78.38484567768823
TOBG_NP-95.fna,374_1,92.01895663603844
TOBG_SAT-88.fna,375_1,82.4055681373936
TOBG_IN-2.fna,376_0,77.42859790597028
TOBG_IN-1.fna,377_0,75.09247341152593
TOBG_SP-133.fna,378_0,96.29868153444522
TOBG_NAT-94.fna,379_0,62.67710664378694
TOBG_SP-163.fna,380_0,86.71157183221169
TOBG_NAT-4.fna,381_0,85.79192585949573
TOBG_IN-9.fna,382_1,81.77337377475139
TOBG_NAT-64.fna,383_1,87.41699075871682
TOBG_CPC-28.fna,383_2,86.80866056250613
TOBG_CPC-45.fna,384_0,84.70831404977221
TOBG_EAC-94.fna,385_1,100.31967736757551
TOBG_NAT-121.fna,386_0,83.35859063973446
TOBG_NAT-125.fna,387_0,68.99735713976666
TOBG_EAC-69.fna,388_0,93.28623547482111
TOBG_NP-21.fna,389_0,83.47728360204903
TOBG_NP-59.fna,390_0,67.16525761608516
TOBG_MED-581.fna,391_1,70.20846206380739
TOBG_NP-51.fna,391_2,79.44702539280537
TOBG_SP-3023.fna,392_0,69.70978578715723
TOBG_CPC-27.fna,393_0,66.85417742465467
TOBG_NAT-84.fna,394_0,70.63293875867956
TOBG_NP-1044.fna,395_0,84.52307776094045
TOBG_CPC-13.fna,396_0,95.00760132095844
TOBG_CPC-6.fna,397_0,83.07716095697253
TOBG_SAT-40.fna,398_1,95.01567593057803
TOBG_SP-181.fna,399_0,56.590425493084325
TOBG_NP-24.fna,400_1,63.75985251826007
TOBG_ARS-16.fna,401_0,80.18671268563583
TOBG_SP-26.fna,402_0,69.6743552478374
TOBG_SP-3037.fna,403_0,64.32361362703361
TOBG_SAT-1609.fna,404_1,52.49166718772189
TOBG_SP-3103.fna,404_2,52.2992631731247
TOBG_NAT-198.fna,405_0,38.660138825618915
TOBG_SAT-1367.fna,406_0,54.368143606309104
TOBG_RS-434.fna,407_0,59.13342920610708
TOBG_SAT-1339.fna,408_1,56.515551105477044
TOBG_SAT-1391.fna,408_2,46.52731355224513
TOBG_EAC-88.fna,409_0,70.55179321066163
TOBG_NAT-575.fna,410_1,79.79016329052169
TOBG_ARS-70.fna,411_1,90.94294248590658
TOBG_SP-222.fna,412_0,86.29741404804463
TOBG_NAT-137.fna,413_0,84.29610319467254
TOBG_RS-435.fna,414_0,67.3522388434999
TOBG_SAT-91.fna,415_1,80.09351974704461
TOBG_SAT-1517.fna,416_0,52.41072848070849
TOBG_NAT-138.fna,417_0,86.24349683773752
TOBG_CPC-300.fna,418_1,70.8116661653023
TOBG_NAT-181.fna,419_1,79.10345862143146
TOBG_CPC-50.fna,420_0,61.510619535591296
TOBG_SP-164.fna,421_0,75.5601877639305
TOBG_SP-232.fna,422_0,68.41047897428
TOBG_SP-3118.fna,423_0,55.65804768700152
TOBG_SP-85.fna,424_0,55.43777412674707
TOBG_SP-241.fna,425_0,72.75592979981724
TOBG_SP-354.fna,426_0,63.938570693874894
TOBG_RS-349.fna,427_0,73.01982507880683
TOBG_SP-234.fna,428_0,82.1891897912987
TOBG_MED-593.fna,429_0,56.62155536330442
TOBG_MED-741.fna,430_0,58.20504902034057
TOBG_MED-739.fna,431_0,70.11720167932106
TOBG_NAT-143.fna,432_1,68.06555056628018
TOBG_MED-1269.fna,433_1,69.70023883887677
TOBG_ARS-1034.fna,434_1,66.53470102500357
TOBG_SAT-161.fna,435_0,72.39127427799312
TOBG_NP-1395.fna,436_0,79.78765268709132
TOBG_SAT-142.fna,437_0,66.1942277092261
TOBG_RS-821.fna,438_0,83.03769031628892
TOBG_SAT-128.fna,439_0,58.13033668832587
TOBG_NAT-133.fna,440_0,79.76840370331331
TOBG_NP-16.fna,441_1,89.60461533106145
TOBG_SAT-62.fna,441_2,97.65242465022641
TOBG_EAC-710.fna,442_0,66.02637095751037
TOBG_NAT-11.fna,443_0,75.60500404577832
TOBG_EAC-85.fna,444_0,85.78592302284937
TOBG_MED-783.fna,445_0,72.63653230889287
TOBG_NAT-14.fna,446_0,79.15972601741059
TOBG_SP-166.fna,447_0,94.3867967853474
TOBG_SP-3035.fna,448_0,37.41462839861612
TOBG_NAT-69.fna,449_1,100.10660369074695
TOBG_SAT-1610.fna,450_0,58.46374485637873
TOBG_SP-113.fna,451_1,82.43726617542751
TOBG_SP-141.fna,452_0,74.6034370194283
TOBG_MED-643.fna,453_0,52.47097319656235
TOBG_SAT-12.fna,454_0,90.14174026725766
TOBG_SP-105.fna,455_0,85.44120827655595
TOBG_ARS-1279.fna,456_0,64.58641840811613
TOBG_NAT-155.fna,457_0,72.02958736992173
TOBG_NP-69.fna,458_1,78.7214103612169
TOBG_NAT-61.fna,459_0,59.38589096479831
TOBG_NP-86.fna,460_0,87.0614999886358
TOBG_SP-295.fna,461_0,74.57548834978853
TOBG_ARS-68.fna,462_0,84.88006174105637
TOBG_SP-2985.fna,463_0,62.252275947437596
TOBG_ARS-90.fna,464_0,67.96910701658992
TOBG_EAC-654.fna,465_0,55.08085428503218
TOBG_MED-733.fna,466_0,77.78523822110091
TOBG_SAT-1446.fna,467_0,68.15141336777607
TOBG_SP-258.fna,468_0,80.0892224568082
TOBG_MED-601.fna,469_0,66.74725427549889
TOBG_MED-665.fna,470_0,85.1390942110937
TOBG_MED-661.fna,471_0,87.3119616590091
TOBG_MED-697.fna,472_0,66.37170494999268
TOBG_EAC-91.fna,473_0,88.62869160002242
TOBG_SAT-3.fna,474_0,94.25272478016132
TOBG_CPC-52.fna,475_0,76.40423867722254
TOBG_NP-75.fna,476_0,93.27102402085498
TOBG_SP-30.fna,477_1,80.25586742365367
TOBG_CPC-324.fna,478_0,41.89444630550529
TOBG_SP-127.fna,479_0,74.02003972113076
TOBG_SP-242.fna,480_0,69.58967393139633
TOBG_SP-34.fna,481_1,69.94290800998289
TOBG_NP-72.fna,482_0,81.16302172296811
TOBG_SP-114.fna,483_1,73.71244400962361
TOBG_SP-52.fna,483_2,80.03714757568936
TOBG_ARS-40.fna,484_1,96.88172351115934
TOBG_MED-659.fna,484_2,87.21357800298581
TOBG_NP-58.fna,485_0,76.25100063098014
TOBG_SP-194.fna,486_0,67.06534089232736
TOBG_SP-176.fna,487_0,70.8097450926505
TOBG_MED-677.fna,488_1,76.2082423910547
TOBG_RS-402.fna,488_2,76.7104436274268
TOBG_SAT-132.fna,489_0,81.20298880778041
TOBG_MED-692.fna,490_1,89.12137247757553
TOBG_MED-622.fna,491_0,67.90114475810641
TOBG_SP-187.fna,492_0,75.62745546829635
TOBG_CPC-61.fna,493_0,69.8711950963143
TOBG_MED-745.fna,494_0,73.02609491572521
TOBG_CPC-59.fna,495_0,70.50119775237127
TOBG_NP-107.fna,496_0,83.8487790104127
TOBG_SP-138.fna,497_0,73.92375436751847
TOBG_MED-743.fna,498_0,64.3017263382431
TOBG_SP-3068.fna,499_0,54.34745149007886
TOBG_SP-88.fna,500_0,76.61993267391921
TOBG_RS-392.fna,501_0,73.73046118962874
TOBG_SP-2978.fna,502_0,49.07512982329506
TOBG_SP-208.fna,503_0,73.79106854067825
TOBG_CPC-1326.fna,504_0,60.500340322362554
TOBG_SAT-2756.fna,505_0,83.1277328805588
TOBG_MED-636.fna,506_0,59.54505793271337
TOBG_MED-695.fna,507_0,88.38169667256754
TOBG_SP-23.fna,508_0,79.86284661791704
TOBG_RS-348.fna,509_0,70.13525968379878
TOBG_SP-210.fna,510_0,70.48924628464715
TOBG_NAT-288.fna,511_1,78.93113934857026
TOBG_NAT-68.fna,512_0,67.93335462497242
TOBG_SAT-95.fna,513_0,79.00652254994344
TOBG_NP-18.fna,514_0,76.59562557734758
TOBG_MED-777.fna,515_0,65.58864317780339
TOBG_SP-272.fna,516_0,73.31927535806115
TOBG_SAT-157.fna,517_0,61.29427861150442
TOBG_NP-65.fna,518_0,80.75129583823879
TOBG_SAT-1329.fna,519_0,66.40619942305779
TOBG_RS-406.fna,520_1,75.26969515215886
TOBG_NAT-154.fna,521_0,59.72275870380075
TOBG_MED-899.fna,522_0,59.22816947742862
TOBG_MED-707.fna,523_0,76.48152073742162
TOBG_RS-604.fna,524_0,56.44350124746229
TOBG_SAT-38.fna,525_1,67.10434001524504
TOBG_IN-35.fna,526_0,71.43660213897348
TOBG_SAT-164.fna,527_1,79.78351112293491
TOBG_SAT-165.fna,528_0,75.0318317179228
TOBG_MED-1093.fna,529_0,49.15207381043936
TOBG_NP-1521.fna,530_0,72.87930688234988
TOBG_NP-965.fna,531_0,52.4352455882677
TOBG_NAT-139.fna,532_0,80.66237522801966
TOBG_SP-3063.fna,533_0,58.306951939856404
TOBG_SAT-1553.fna,534_1,57.614365487749026
TOBG_SP-3014.fna,534_2,64.82875856470025
TOBG_ARS-60.fna,535_0,76.1676413189991
TOBG_MED-738.fna,536_0,73.69677462351885
TOBG_NP-956.fna,537_0,36.42841894123288
TOBG_SAT-1510.fna,538_0,56.387137847312964
TOBG_SP-3074.fna,539_0,54.05104729332573
TOBG_SAT-1508.fna,540_1,54.90810013868009
TOBG_EAC-30.fna,541_0,74.72655115575576
TOBG_SP-3024.fna,542_0,62.76383072723695
TOBG_SP-3059.fna,543_0,59.57753045258543
TOBG_NP-68.fna,544_1,79.39916007363132
TOBG_SP-2979.fna,545_0,39.09894956110229
TOBG_NAT-188.fna,546_0,77.62831142467321
TOBG_EAC-35.fna,547_1,66.73092295439767
TOBG_ARS-42.fna,548_1,80.25621311337973
TOBG_RS-391.fna,549_0,71.00298880778043
TOBG_SP-281.fna,550_0,73.68451304894334
TOBG_NAT-284.fna,551_1,59.876885167787094
TOBG_SP-219.fna,552_1,85.52927844827782
TOBG_SP-160.fna,553_0,73.84078812856154
TOBG_SAT-1608.fna,554_1,58.705800000780194
TOBG_MED-837.fna,555_0,60.14452057227841
TOBG_NP-20.fna,556_0,65.30497298705892
TOBG_RS-387.fna,557_0,64.17540201641083
TOBG_SP-24.fna,558_0,75.36736600422253
TOBG_RS-371.fna,559_0,69.57354009421817
TOBG_RS-819.fna,560_1,77.68354489046271
TOBG_SP-3044.fna,560_2,55.87542746054175
TOBG_NAT-118.fna,561_1,64.94929979623436
TOBG_SAT-181.fna,562_1,61.24608532941623
TOBG_RS-388.fna,563_1,71.57288890209313
TOBG_RS-420.fna,564_1,92.79651788433499
TOBG_SAT-13.fna,564_2,92.31798986668079
TOBG_SAT-182.fna,565_0,90.17994920074813
TOBG_SAT-206.fna,566_0,79.44074926339151
TOBG_MED-590.fna,567_0,72.83555116517806
TOBG_SP-4023.fna,568_0,54.83795304011876
TOBG_NP-28.fna,569_1,97.64266027125947
TOBG_IN-3.fna,570_0,98.50921467809549
TOBG_SP-319.fna,571_0,76.93075343235772
TOBG_NAT-172.fna,572_0,72.66342059971213
TOBG_SP-2972.fna,573_0,44.038693427846
TOBG_SP-248.fna,574_1,76.4430415152505
TOBG_SP-4044.fna,574_2,46.60119798456714
TOBG_SP-4045.fna,575_0,54.376957764472316
TOBG_SP-257.fna,576_0,81.00702587320806
TOBG_CPC-17.fna,577_0,96.33148239688887
TOBG_SP-182.fna,578_0,95.82386637983012
TOBG_NP-92.fna,579_1,97.62031336084638
TOBG_SP-2.fna,580_1,98.56461375983547
TOBG_SAT-92.fna,581_0,96.70764827057496
TOBG_CPC-64.fna,582_0,90.46982421478174
TOBG_SP-216.fna,583_0,84.12887748992723
TOBG_NP-42.fna,584_1,63.190705998987
TOBG_SAT-1462.fna,584_2,56.20595918018141
TOBG_MED-592.fna,585_0,76.40502574822949
TOBG_SAT-69.fna,586_0,75.09435560414944
TOBG_MED-753.fna,587_0,72.69704718333128
TOBG_SAT-217.fna,588_0,73.32247605233157
TOBG_MED-718.fna,589_0,75.15499865201427
TOBG_NAT-271.fna,590_0,58.02540850512923
TOBG_SP-301.fna,591_0,94.40750367026337
TOBG_RS-648.fna,592_0,39.16874802837166
TOBG_SP-2989.fna,593_0,67.93235021456707
TOBG_SP-263.fna,594_0,92.8061176507783
TOBG_NAT-157.fna,595_1,93.02109101760892
TOBG_SAT-230.fna,596_0,82.20246591369781
TOBG_MED-649.fna,597_1,71.58457472713951
TOBG_NAT-12.fna,597_2,67.26947895039744
TOBG_NAT-90.fna,598_0,68.59554117091783
TOBG_ARS-1441.fna,599_0,78.74114645249145
TOBG_MED-955.fna,600_0,50.31215083495917
TOBG_NP-944.fna,601_0,56.04872919282251
TOBG_RS-626.fna,602_0,69.55014748554746
TOBG_SP-3046.fna,603_0,42.68123631208315
TOBG_CPC-296.fna,604_0,61.326260942287064
TOBG_MED-740.fna,605_0,70.56455419629187
TOBG_NP-142.fna,606_0,77.99076517063935
TOBG_SAT-139.fna,607_0,72.80886561467078
TOBG_SP-3992.fna,608_0,60.48881979875017
TOBG_NAT-146.fna,609_1,65.64313257684432
TOBG_RS-668.fna,610_0,52.294780967924034
TOBG_MED-766.fna,611_0,75.24059664864892
TOBG_SP-4288.fna,612_1,67.9674540359236
TOBG_CPC-1232.fna,613_0,51.33714614077598
TOBG_RS-535.fna,614_1,80.999505157755
TOBG_SAT-228.fna,615_0,89.97009769427886
TOBG_MED-591.fna,616_0,75.39623089915952
TOBG_SAT-185.fna,617_0,72.3175390323633
TOBG_MED-648.fna,618_0,83.64346350329387
TOBG_SP-173.fna,619_0,66.27832343386956
TOBG_SP-150.fna,620_0,82.41418856620047
TOBG_SAT-2788.fna,621_0,73.56222390750257
TOBG_SAT-79.fna,622_0,71.34421098682122
TOBG_SAT-39.fna,623_0,84.20574584511077
TOBG_ARS-7.fna,624_0,85.68783995295321
TOBG_NP-2.fna,625_0,89.8988912181157
TOBG_SP-358.fna,626_0,65.9158947684551
TOBG_EAC-5.fna,627_1,102.63382922090406
TOBG_IN-48.fna,628_0,73.95040546576823
TOBG_NAT-23.fna,629_0,65.43131944907441
TOBG_NP-119.fna,630_0,59.42448365020919
TOBG_SAT-135.fna,631_0,88.36471218202901
TOBG_SAT-1388.fna,632_0,59.5050529372811
TOBG_SP-256.fna,633_0,89.26691621637383
TOBG_NAT-88.fna,634_0,94.59892567184279
TOBG_SP-249.fna,635_0,73.69732261521159
TOBG_SP-39.fna,636_0,75.16148240332248
TOBG_MED-666.fna,637_0,78.48693108602795
TOBG_CPC-30.fna,638_0,82.26307656243381
TOBG_SAT-166.fna,639_0,72.5963221008692
TOBG_RS-678.fna,640_0,75.09057153353584
TOBG_MED-651.fna,641_1,80.71040895534236
TOBG_NAT-136.fna,642_1,80.99941692696892
TOBG_SP-3073.fna,643_0,58.809642285181845
TOBG_NAT-179.fna,644_0,96.1673644775889
TOBG_NAT-217.fna,645_0,50.796406768779725
TOBG_SP-306.fna,646_0,65.17578501607055
TOBG_SP-71.fna,647_1,78.9833577298203
TOBG_SP-136.fna,648_0,85.90838634921452
TOBG_NAT-55.fna,649_1,67.97404112200323
TOBG_RS-431.fna,649_2,61.71636692953497
TOBG_SP-3105.fna,650_0,58.00896322240325
TOBG_EAC-33.fna,651_0,69.45801074932125
TOBG_NAT-45.fna,652_0,85.32345170824605
TOBG_SAT-77.fna,653_0,71.8938236737588
TOBG_MED-676.fna,654_0,72.90571376758906
TOBG_MED-602.fna,655_0,85.98449350556406
TOBG_NAT-163.fna,656_0,75.27027490676609
TOBG_MED-779.fna,657_1,64.73148489853128
TOBG_ARS-1.fna,658_0,50.281150883611716
TOBG_MED-769.fna,659_0,59.869037826563066
TOBG_NAT-175.fna,660_0,54.51551559923684
TOBG_SAT-168.fna,661_0,94.94061739710202
TOBG_SP-282.fna,662_0,80.93807626513777
TOBG_SP-185.fna,663_0,78.66017601570908
TOBG_RS-408.fna,664_0,88.13997719929891
TOBG_SP-3098.fna,665_0,49.210086568907556
TOBG_NAT-252.fna,666_0,60.24262438264377
TOBG_SP-3040.fna,667_0,52.78655188938669
TOBG_EAC-714.fna,668_0,63.851834076891336
TOBG_NAT-161.fna,669_0,91.46240832570287
TOBG_SP-3109.fna,670_0,50.405567458938485
TOBG_MED-704.fna,671_1,91.36307590205381
TOBG_NAT-272.fna,672_0,40.03244081831553
TOBG_NP-22.fna,673_0,76.82068470210051
TOBG_RS-421.fna,674_0,79.87531752775267
TOBG_SP-56.fna,675_0,66.32770828420598
TOBG_MED-1001.fna,676_0,57.05928942803749
TOBG_MED-1076.fna,677_0,77.6577917275969
TOBG_MED-652.fna,678_0,72.7936646233034
TOBG_NAT-134.fna,679_0,98.89916558654376
TOBG_MED-721.fna,680_0,73.35160067040556
TOBG_SAT-179.fna,681_0,86.69410745677588
TOBG_SP-279.fna,682_0,98.43805692237501
TOBG_SP-341.fna,683_0,74.37456559861724
TOBG_SP-62.fna,684_0,87.96146710387814
TOBG_SP-149.fna,685_1,99.84143511486074
TOBG_SP-247.fna,686_0,86.15688919364
TOBG_SAT-129.fna,687_0,89.43177287848027
TOBG_NAT-166.fna,688_0,64.68120183517111
TOBG_NAT-205.fna,689_0,63.86996794725259
TOBG_SP-82.fna,690_0,77.9155829275416
TOBG_CPC-309.fna,691_0,42.98688802568515
TOBG_NAT-231.fna,692_0,64.77428605463093
TOBG_SP-283.fna,693_0,66.1235915602658
TOBG_SP-190.fna,694_1,77.54526598920349
TOBG_MED-1247.fna,694_2,66.72966598566046
TOBG_SAT-1342.fna,695_0,58.24471917365285
TOBG_NP-104.fna,696_0,73.16246002195624
TOBG_RS-352.fna,697_0,66.952302137669
TOBG_SAT-104.fna,698_1,94.23223308102428
TOBG_MED-603.fna,699_1,74.90382289853126
TOBG_MED-604.fna,699_2,75.35823485011981
TOBG_CPC-41.fna,700_1,93.3744282119635
TOBG_MED-734.fna,701_0,75.87297576806775
TOBG_SAT-65.fna,702_0,71.81076905984504
TOBG_SAT-43.fna,703_0,99.06497283091063
TOBG_SP-162.fna,704_0,101.17672363724837
TOBG_NAT-258.fna,705_0,48.08149739146374
TOBG_NP-89.fna,706_0,96.23600976801434
TOBG_SP-167.fna,707_1,97.21456286398755
TOBG_SAT-101.fna,708_1,94.76799499664452
TOBG_SP-45.fna,709_1,68.94149198797226
TOBG_SAT-105.fna,710_1,90.7553829773644
TOBG_MED-682.fna,711_0,65.9118276962867
TOBG_EAC-74.fna,712_1,102.77086845932413
TOBG_SP-104.fna,713_0,83.61303919959337
TOBG_NAT-15.fna,714_1,82.59715875998747
TOBG_CPC-9.fna,715_0,88.70001699627795
TOBG_SAT-51.fna,716_1,73.90993252517643
TOBG_NAT-92.fna,717_1,88.52921332006856
TOBG_EAC-68.fna,718_0,69.57126469717072
TOBG_ARS-1018.fna,719_0,61.61561220478592
TOBG_ARS-1199.fna,720_0,87.75096816764233
TOBG_NAT-165.fna,721_0,75.20736944557031
TOBG_MED-614.fna,722_0,57.75284718616115
TOBG_MED-853.fna,723_0,56.37711153355884
TOBG_RS-428.fna,724_0,56.37058442476068
TOBG_SAT-1289.fna,725_0,51.233176398648695
TOBG_MED-735.fna,726_0,55.28783917308536
TOBG_SAT-107.fna,727_0,51.58322308667458
TOBG_MED-818.fna,728_1,64.50974653395406
TOBG_MED-763.fna,729_0,60.13757838428093
TOBG_MED-619.fna,730_0,78.6626503517966
TOBG_MED-762.fna,731_0,62.08399416694125
TOBG_MED-796.fna,732_0,69.84582802174906
TOBG_MED-623.fna,733_0,53.008097696477776
TOBG_NAT-236.fna,734_0,50.14701209037854
TOBG_SAT-226.fna,735_0,64.28186673189406
TOBG_MED-621.fna,736_1,81.32961719420716
TOBG_ARS-86.fna,737_1,94.79704578856226
TOBG_SAT-175.fna,738_0,76.89448224513181
TOBG_SP-19.fna,739_0,96.5292041392471
TOBG_NAT-248.fna,740_1,55.813670097303515
TOBG_SP-3028.fna,740_2,42.4520094711221
TOBG_CPC-323.fna,741_0,69.39089966821726
TOBG_SP-29.fna,742_0,70.1271321738494
TOBG_SAT-49.fna,743_1,100.11563644551306
TOBG_IN-17.fna,744_1,100.08849787885673
TOBG_SAT-99.fna,745_0,92.90817039129888
TOBG_EAC-92.fna,746_1,83.14749643432856
TOBG_SAT-25.fna,747_0,70.62131042632817
TOBG_MED-654.fna,748_1,78.75400533685352
TOBG_RS-438.fna,748_2,53.7040782883702
TOBG_NAT-41.fna,749_0,50.264023798494456
TOBG_SAT-106.fna,750_1,100.66222329174275
TOBG_NAT-5.fna,750_2,72.26872377416349
TOBG_CPC-70.fna,751_1,101.08063620556545
TOBG_SP-75.fna,751_2,88.50400914832584
TOBG_EAC-108.fna,752_0,96.51779054417148
TOBG_EAC-109.fna,753_0,94.48502741993588
TOBG_EAC-46.fna,754_0,65.781647143417
TOBG_SAT-1509.fna,755_0,61.42369725308392
TOBG_NAT-111.fna,756_0,87.64299335186465
TOBG_SP-11.fna,757_0,94.78837805775991
TOBG_NP-11.fna,758_0,53.90463504421393
TOBG_SAT-19.fna,759_1,68.50118415710082
TOBG_MED-588.fna,760_0,81.28681501173453
TOBG_SAT-130.fna,761_0,81.1045990005714
TOBG_SP-70.fna,762_0,73.59878665468021
TOBG_SAT-141.fna,763_0,72.25015614459424
TOBG_ARS-95.fna,764_0,59.64781929808805
TOBG_SAT-138.fna,765_0,83.66099050002173
TOBG_NP-55.fna,766_0,62.22238920740974
TOBG_NP-932.fna,767_0,55.79533979791193
TOBG_NAT-203.fna,768_0,45.83191611023676
TOBG_NAT-422.fna,769_0,79.3612578806483
TOBG_SAT-154.fna,770_0,74.11680401207684
TOBG_MED-1105.fna,771_0,61.33582812637824
TOBG_SP-2983.fna,772_0,40.898825770866836
TOBG_RS-389.fna,773_1,78.21148335778844
TOBG_RS-350.fna,774_1,92.56087707468087
TOBG_EAC-682.fna,775_0,35.865538159060655
TOBG_SP-4388.fna,776_0,80.64347895423332
TOBG_MED-673.fna,777_0,81.65671709878951
TOBG_NAT-52.fna,778_0,84.99209568532049
TOBG_SP-3971.fna,779_1,78.03934706777021
TOBG_RS-365.fna,780_0,76.3896246087858
TOBG_MED-972.fna,781_0,43.637146348133456
TOBG_NAT-200.fna,782_0,57.801053278413605
TOBG_MED-806.fna,783_0,43.12183651886977
TOBG_SP-3111.fna,784_0,35.74490296305634
TOBG_SP-3097.fna,785_0,61.22443944408651
TOBG_SP-3119.fna,786_0,36.23811853827371
TOBG_NAT-221.fna,787_0,61.016805148177646
TOBG_SP-342.fna,788_0,70.41695536011603
TOBG_ARS-1176.fna,789_0,70.48755349235222
TOBG_SP-328.fna,790_0,87.93481940037263
TOBG_EAC-649.fna,791_1,65.48495645624229
TOBG_MED-746.fna,791_2,65.14211738340632
TOBG_SAT-2619.fna,792_0,69.5747630235457
TOBG_NAT-224.fna,793_0,62.44840672287487
TOBG_MED-598.fna,794_0,93.73447436447249
TOBG_MED-645.fna,795_0,98.08056545221046
TOBG_SP-108.fna,796_0,65.01777585916945
TOBG_EAC-11.fna,797_1,90.61091777962504
TOBG_MED-829.fna,797_2,69.08600052875614
TOBG_EAC-78.fna,798_0,59.925216937586285
TOBG_MED-757.fna,799_0,68.87646632256032
TOBG_SP-3060.fna,800_0,55.300028977212264
TOBG_SP-84.fna,801_0,76.9550612257022
TOBG_MED-713.fna,802_1,79.8668224856184
TOBG_NAT-510.fna,803_0,71.59959003755745
TOBG_SAT-211.fna,804_0,66.79119001000812
TOBG_NAT-509.fna,805_0,58.39401853903611
TOBG_MED-731.fna,806_1,83.96855709375478
TOBG_NAT-430.fna,807_0,54.478563102669554
TOBG_SP-78.fna,808_0,78.86121363222635
TOBG_EAC-117.fna,809_0,58.93408360142774
TOBG_SAT-1450.fna,810_0,69.88313719990684
TOBG_NAT-74.fna,811_0,85.93252240351842
TOBG_NAT-62.fna,812_0,82.6205494192268
TOBG_NAT-81.fna,813_1,74.10349898869188
TOBG_SP-142.fna,814_0,83.81691296333332
TOBG_NAT-1.fna,815_0,63.996387176627564
TOBG_CPC-53.fna,816_1,83.79573547185788
TOBG_RS-826.fna,817_0,70.77939424174691
TOBG_SP-4360.fna,818_0,71.28267225559578
TOBG_SP-102.fna,819_0,74.3607940874557
TOBG_SP-3966.fna,820_0,52.6530920722569
TOBG_SP-188.fna,821_1,91.42182433910692
TOBG_SP-343.fna,822_0,81.14426050417578
TOBG_NAT-220.fna,823_0,39.67280742469775
TOBG_RS-416.fna,824_0,68.96326987388768
TOBG_NAT-241.fna,825_0,47.264789418717285
TOBG_MED-732.fna,826_0,58.59617540553494
TOBG_SP-292.fna,827_0,95.39257983005939
TOBG_EAC-34.fna,828_1,89.02905393516764
TOBG_MED-1233.fna,829_0,36.13404527125927
TOBG_MED-736.fna,830_0,72.88674111305598
TOBG_NAT-18.fna,831_0,86.49729280115146
TOBG_MED-835.fna,832_0,58.21336258839124
TOBG_SP-196.fna,833_0,90.30202605004288
TOBG_SP-267.fna,834_0,96.01108049421751
TOBG_MED-712.fna,835_0,70.66394204869032
TOBG_SP-224.fna,836_0,70.58750720190567
TOBG_SP-344.fna,837_1,93.54790917151351
TOBG_MED-744.fna,838_0,57.53266319860605
TOBG_MED-747.fna,839_0,90.23392152899984
TOBG_CPC-97.fna,840_1,70.59979456673226
TOBG_MED-596.fna,840_2,71.21446553559737
TOBG_MED-703.fna,841_0,75.15595386045742
TOBG_RS-820.fna,842_0,88.31770888962677
TOBG_SP-262.fna,843_0,78.88488328450141
TOBG_SP-316.fna,844_0,84.90759165692035
TOBG_MED-589.fna,845_0,77.7990662486323
TOBG_NAT-190.fna,846_0,75.28177110034713
TOBG_NP-132.fna,847_0,99.32913010084735
TOBG_MED-650.fna,848_0,58.54532627362416
TOBG_RS-344.fna,849_0,74.16854555613698
TOBG_MED-831.fna,850_0,58.97635726783815
TOBG_EAC-657.fna,851_0,57.09290810414092
TOBG_NAT-40.fna,852_0,73.62741717779166
TOBG_MED-850.fna,853_0,59.763008871961134
TOBG_NAT-70.fna,854_0,77.34915468725879
TOBG_NAT-39.fna,855_0,60.92365172543339
TOBG_NP-970.fna,856_0,52.65735963452511
TOBG_ARS-1019.fna,857_0,60.564091432667304
TOBG_EAC-81.fna,858_0,60.51828494610665
TOBG_CPC-3.fna,859_0,83.10413667760369
TOBG_NAT-535.fna,860_1,77.34620441105112
TOBG_SP-4154.fna,861_0,76.48611502556807
TOBG_RS-419.fna,862_0,77.23669842169878
TOBG_SP-89.fna,863_0,52.89464034733817
TOBG_NP-1052.fna,864_0,76.48374577948269
TOBG_SP-293.fna,865_0,76.87282161382555
TOBG_NAT-145.fna,866_0,92.34925626651568
TOBG_NP-1046.fna,867_0,68.97954872305874
TOBG_SP-13.fna,868_0,85.962508067764
TOBG_MED-630.fna,869_0,73.84901716122866
TOBG_NP-17.fna,870_0,84.32108768751574
TOBG_MED-748.fna,871_0,73.05470282840002
TOBG_SP-335.fna,872_1,68.17539307721216
TOBG_MED-641.fna,873_0,81.44672716520101
TOBG_SAT-201.fna,874_1,73.84693498867148
TOBG_MED-1153.fna,875_0,56.013188415086915
TOBG_MED-827.fna,876_0,58.020377810875104
TOBG_MED-965.fna,877_0,58.04119646891323
TOBG_SP-299.fna,878_0,90.73602839112375
TOBG_CPC-305.fna,879_0,56.50184304478321
TOBG_SP-94.fna,880_0,62.48096783545814
TOBG_NP-1070.fna,881_1,71.43705194462909
TOBG_SP-2975.fna,881_2,51.058277882676705
TOBG_MED-1094.fna,882_0,57.885974590377046
TOBG_SP-156.fna,883_1,89.68118217979662
TOBG_MED-803.fna,883_2,68.8076795380335
TOBG_MED-834.fna,884_0,63.341976393133294
TOBG_MED-756.fna,885_0,79.3498648093423
TOBG_MED-629.fna,886_1,72.7328905756275
TOBG_NP-53.fna,886_2,76.41846705894513
TOBG_SAT-155.fna,887_0,97.64904931447228
TOBG_CPC-289.fna,888_0,61.75351404514417
TOBG_MED-1116.fna,889_0,82.34885436029592
TOBG_SP-27.fna,890_0,91.42560699288121
TOBG_MED-689.fna,891_0,69.38781867907136
TOBG_MED-715.fna,892_0,90.33971988841385
TOBG_MED-1155.fna,893_0,49.036951927995865
TOBG_SP-337.fna,894_0,90.67325353841652
TOBG_SP-486.fna,895_0,78.69687016969173
TOBG_MED-667.fna,896_0,73.72994424861187
TOBG_SP-38.fna,897_0,76.65675795219153
TOBG_NP-23.fna,898_1,85.54618595709972
TOBG_MED-861.fna,899_0,66.80026214405618
TOBG_NP-32.fna,900_0,96.33967403460335
TOBG_CPC-31.fna,901_0,86.46737588685752
TOBG_SAT-87.fna,902_0,85.00299172267421
TOBG_NP-99.fna,903_0,93.08720787654096
TOBG_RS-376.fna,904_1,73.99138357850386
TOBG_EAC-662.fna,905_1,68.31831321051673
TOBG_SP-115.fna,906_0,81.05743300429741
TOBG_NAT-66.fna,907_1,80.76362444926241
TOBG_MED-674.fna,908_0,73.74606195922452
TOBG_MED-616.fna,909_1,71.79461975124524
TOBG_MED-1227.fna,910_0,50.5051170160938
TOBG_MED-585.fna,911_0,69.27834699565621
TOBG_MED-617.fna,912_0,73.21229659087048
TOBG_MED-657.fna,913_0,93.05909701354648
TOBG_SAT-1403.fna,914_0,41.22843536820025
TOBG_SP-123.fna,915_1,100.41007730587569
TOBG_EAC-21.fna,915_2,84.87027886331767
TOBG_SAT-60.fna,916_0,79.2034858417468
TOBG_ARS-1434.fna,917_0,76.57695688754508
TOBG_MED-620.fna,918_0,83.76115041954225
TOBG_MED-797.fna,919_0,60.083290526642664
TOBG_SAT-2755.fna,920_0,86.60685367770496
TOBG_SP-101.fna,921_0,65.57340804885445
TOBG_SP-18.fna,922_0,85.89920932091482
TOBG_NAT-72.fna,923_0,75.39689288385986
TOBG_SP-285.fna,924_0,65.33678878605355
TOBG_EAC-13.fna,925_0,86.43752695683989
TOBG_SP-4027.fna,926_0,43.15007014135036
TOBG_ARS-28.fna,927_1,77.46426425638708
TOBG_SAT-10.fna,927_2,80.73542109340973
TOBG_NP-101.fna,928_0,80.25548072667746
TOBG_SP-81.fna,929_0,86.78398364647782
TOBG_MED-716.fna,930_0,95.07593871987311
TOBG_MED-1261.fna,931_0,59.85203886923406
TOBG_SP-3029.fna,932_0,39.76003972113076
TOBG_SP-289.fna,933_0,63.93258160975304
TOBG_CPC-1399.fna,934_0,53.75104873423449
TOBG_NAT-686.fna,935_0,57.740743932290314
TOBG_NAT-259.fna,936_1,71.19199131827266
TOBG_MED-828.fna,937_0,52.46083178467044
TOBG_SAT-17.fna,938_0,52.392403161862305
TOBG_SP-362.fna,939_0,82.72833542718004
TOBG_SAT-137.fna,940_0,77.95966598566045
TOBG_MED-809.fna,941_0,41.6336061872342
TOBG_NAT-237.fna,942_0,44.75126872635121
TOBG_MED-765.fna,943_0,95.0927967740774
TOBG_SAT-197.fna,944_0,71.08771724055471
TOBG_NP-945.fna,945_0,44.9696821388675
TOBG_NP-120.fna,946_1,101.60861557373958
TOBG_NP-47.fna,947_0,93.50192558443172
TOBG_SP-332.fna,948_0,71.86020494192364
TOBG_SP-250.fna,949_0,73.12409765637894
TOBG_SP-330.fna,950_0,89.24553258810347
TOBG_NAT-197.fna,951_0,47.034210450067356
TOBG_MED-792.fna,952_0,52.249135947697596
TOBG_SP-22.fna,953_0,74.4942093591986
TOBG_NP-150.fna,954_0,51.4048761400012
TOBG_RS-373.fna,955_0,75.42632619770016
TOBG_IN-10.fna,956_1,102.55556046930015
TOBG_CPC-79.fna,957_0,73.49494582259163
TOBG_EAC-52.fna,958_0,99.76381502288604
TOBG_SP-154.fna,959_0,101.16705904954576
TOBG_SP-360.fna,960_0,69.97155060414063
TOBG_EAC-32.fna,961_0,82.11899499238703
TOBG_SP-201.fna,962_0,87.05414691392964
TOBG_SP-189.fna,963_0,66.90710827216617
TOBG_SP-3.fna,964_0,101.59842498924607
TOBG_SP-8.fna,965_0,79.52647149509278
TOBG_ARS-67.fna,966_0,78.73521000115444
TOBG_NAT-102.fna,967_0,69.41457685539639
TOBG_ARS-102.fna,968_0,85.45574348058354
TOBG_SAT-1401.fna,969_0,53.18121302620298
TOBG_SP-21.fna,970_0,75.14426087637764
TOBG_SP-2999.fna,971_0,69.53245300224086
TOBG_NAT-182.fna,972_0,79.59869087663353
TOBG_SAT-2766.fna,973_0,77.05208265531085
TOBG_SP-157.fna,974_0,83.49646212003668
TOBG_MED-768.fna,975_0,68.34458730987686
TOBG_MED-820.fna,976_0,52.141396680178566
TOBG_MED-582.fna,977_0,70.9917365908106
TOBG_MED-729.fna,978_0,65.22140649140647
TOBG_SP-3055.fna,979_0,51.59041029088517
TOBG_NP-100.fna,980_0,97.44044438096095
TOBG_MED-635.fna,981_1,74.5908691400012
TOBG_CPC-23.fna,982_0,81.23600400391936
TOBG_ARS-45.fna,983_0,75.2150257088796
TOBG_SAT-180.fna,984_0,80.5390865853251
TOBG_SAT-195.fna,985_1,81.9826195474408
TOBG_ARS-93.fna,986_0,91.1777731281124
TOBG_ARS-71.fna,987_0,88.0185448939882
TOBG_EAC-29.fna,988_0,69.1270688528506
TOBG_MED-597.fna,989_0,75.39045983135468
TOBG_SAT-2911.fna,990_0,91.16883439839737
TOBG_SP-4220.fna,991_0,84.74573011575387
TOBG_ARS-1358.fna,992_0,81.87097151103508
TOBG_MED-1017.fna,993_0,54.78392599065779
TOBG_MED-880.fna,994_0,60.74996335878355
