scaffold	position_A	position_B	distance	r2	d_prime	r2_normalized	d_prime_normalized	allele_A	allele_a	allele_B	allele_b	countab	countAb	countaB	countAB	total
TOBG_CPC-1399.fna_10823	4929	4940	11	0.0090702947845806	1.0			C	T	G	A	0	2	2	19	23
TOBG_CPC-1399.fna_10823	4929	4959	30	0.0110803324099724	1.0	0.0277777777777777	1.0	C	T	G	A	0	2	2	17	21
TOBG_CPC-1399.fna_10823	4929	4968	39	0.0328947368421051	1.0	0.0131578947368421	1.0	C	T	G	A	0	5	2	14	21
TOBG_CPC-1399.fna_10823	4940	4953	13	0.2176870748299321	1.0	0.1228070175438597	1.0000000000000002	G	A	G	A	2	5	0	16	23
TOBG_CPC-1399.fna_10823	4940	4956	16	0.0885416666666666	1.0	0.1764705882352941	1.0	G	A	A	G	1	7	0	17	25
TOBG_CPC-1399.fna_10823	4940	4959	19	0.9999999999999986	1.0	0.9999999999999998	1.0	G	A	G	A	2	0	0	25	27
TOBG_CPC-1399.fna_10823	4940	4965	25	0.0142857142857145	1.0			G	A	G	A	0	3	2	18	23
TOBG_CPC-1399.fna_10823	4940	4968	28	0.0274599542334095	1.0	0.0277777777777777	1.0	G	A	G	A	0	6	2	17	25
TOBG_CPC-1399.fna_10823	4940	4980	40	0.0423529411764706	0.3529411764705882	0.0092879256965944	1.0	G	A	A	G	1	4	1	16	22
TOBG_CPC-1399.fna_10823	4940	4986	46	0.6333333333333345	1.0	0.6296296296296295	1.0	G	A	A	G	2	1	0	19	22
TOBG_CPC-1399.fna_10823	4940	4989	49	0.2142857142857141	1.0	0.3333333333333334	1.0	G	A	C	T	1	3	0	18	22
TOBG_CPC-1399.fna_10823	4940	5007	67	0.0222222222222223	1.0	0.0175438596491228	1.0	G	A	A	G	0	4	2	16	22
TOBG_CPC-1399.fna_10823	4940	5010	70	0.0550000000000002	1.0	0.1666666666666666	1.0	G	A	A	G	1	9	0	11	21
TOBG_CPC-1399.fna_10823	4953	4959	6	0.2142857142857144	1.0000000000000002	0.1666666666666666	1.0	G	A	G	A	2	0	5	15	22
TOBG_CPC-1399.fna_10823	4956	4959	3	0.1055900621118008	1.0	0.1578947368421053	1.0	A	G	G	A	1	0	6	17	24
TOBG_CPC-1399.fna_10823	4956	4965	9	0.0666666666666664	1.0	0.2045454545454545	1.0	A	G	G	A	0	3	6	12	21
TOBG_CPC-1399.fna_10823	4956	4968	12	0.466474089635855	0.7604166666666666	0.5294117647058824	1.0	A	G	G	A	5	1	2	15	23
TOBG_CPC-1399.fna_10823	4956	4980	24	0.0433894230769231	0.4749999999999999	0.0104166666666666	0.1666666666666666	A	G	A	G	1	4	7	9	21
TOBG_CPC-1399.fna_10823	4959	4965	6	0.0142857142857145	1.0	0.0196078431372549	1.0	G	A	G	A	0	3	2	18	23
TOBG_CPC-1399.fna_10823	4959	4968	9	0.0274599542334095	1.0	0.0476190476190476	1.0	G	A	G	A	0	6	2	17	25
TOBG_CPC-1399.fna_10823	4959	4980	21	0.0423529411764706	0.3529411764705882	0.2982456140350877	1.0	G	A	A	G	1	4	1	16	22
TOBG_CPC-1399.fna_10823	4959	4986	27	0.6333333333333345	1.0	0.5294117647058822	1.0	G	A	A	G	2	1	0	19	22
TOBG_CPC-1399.fna_10823	4959	4989	30	0.2125000000000001	1.0	0.4736842105263156	1.0	G	A	C	T	1	3	0	17	21
TOBG_CPC-1399.fna_10823	4959	5007	48	0.0247678018575851	1.0	0.0196078431372549	1.0	G	A	A	G	0	4	2	15	21
TOBG_CPC-1399.fna_10823	4959	5010	51	0.0550000000000002	1.0	0.1111111111111111	1.0	G	A	A	G	1	9	0	11	21
TOBG_CPC-1399.fna_10823	4965	4968	3	0.0392156862745099	1.0	0.0131578947368421	1.0	G	A	G	A	0	4	3	14	21
TOBG_CPC-1399.fna_10823	4968	4980	12	0.1372549019607842	1.0	0.1794871794871795	1.0	G	A	A	G	0	5	7	10	22
TOBG_CPC-1399.fna_10823	4986	4989	3	0.3000000000000007	1.0	0.2982456140350877	1.0	A	G	C	T	1	2	0	18	21
TOBG_CPC-1399.fna_10823	4986	5007	21	0.0175438596491225	1.0	0.0092879256965944	1.0	A	G	A	G	0	3	2	16	21
TOBG_CPC-1399.fna_10823	4989	5007	18	0.3510233918128663	0.6805555555555556	0.3694732795078814	0.6078431372549018	C	T	A	G	3	2	1	17	23
TOBG_CPC-1399.fna_10823	5922	5931	9	0.0236842105263161	0.3	0.0476190476190475	0.2857142857142857	T	C	G	A	1	5	1	14	21
TOBG_CPC-1399.fna_10823	5922	5952	30	0.1096491228070171	0.4166666666666666	0.2982456140350877	1.0	T	C	G	A	1	2	1	17	21
TOBG_CPC-1399.fna_10823	5931	5952	21	0.4166666666666667	1.0			G	A	G	A	3	0	3	15	21
TOBG_CPC-1399.fna_10823	6832	6859	27	0.1403508771929828	1.0000000000000002	0.2222222222222222	1.0	C	T	G	A	2	0	7	12	21
TOBG_CPC-1399.fna_10823	6835	6844	9	0.4050000000000003	0.7200000000000001	0.3694732795078814	0.6078431372549018	T	A	T	A	4	2	1	14	21
TOBG_CPC-1399.fna_10823	6835	6859	24	0.0416666666666667	1.0			T	A	G	A	0	2	7	14	23
TOBG_CPC-1399.fna_10823	6844	6859	15	0.046666666666667	1.0	0.0526315789473684	1.0	T	A	G	A	0	2	7	13	22
TOBG_CPC-1399.fna_10823	6883	6895	12	0.0		0.0158730158730158	0.1428571428571428	C	T	C	T	3	6	4	8	21
TOBG_CPC-1399.fna_10823	6955	6997	42	0.0247678018575851	1.0	0.0092879256965944	1.0	T	C	C	T	0	4	2	15	21
TOBG_CPC-1399.fna_10823	6970	6997	27	0.0877192982456141	1.0	0.037037037037037	1.0	T	C	C	T	0	6	5	13	24
TOBG_CPC-1399.fna_10823	6985	6997	12	0.0222222222222223	1.0	0.0476190476190476	1.0	T	A	C	T	0	4	2	16	22
TOBG_CPC-1399.fna_10823	6997	7000	3	0.2895269218798634	0.7261904761904763	0.3353174603174602	0.7222222222222222	C	T	C	T	5	4	1	13	23
TOBG_CPC-1399.fna_10823	6997	7027	30	0.0865051903114186	1.0	0.1111111111111111	1.0	C	T	G	A	0	5	5	12	22
TOBG_CPC-1399.fna_10823	7000	7027	27	0.2268907563025211	1.0	0.6428571428571428	1.0	C	T	G	A	0	6	9	8	23
TOBG_CPC-1399.fna_10823	7018	7027	9	0.2296650717703348	1.0	0.2063492063492063	1.0	T	C	G	A	4	0	7	12	23
TOBG_CPC-1399.fna_10823	7027	7048	21	0.0375	1.0	0.0283400809716599	1.0	G	A	C	T	0	2	6	14	22
TOBG_CPC-1399.fna_10823	7027	7054	27	0.2326643598615917	0.4823529411764706	0.2410714285714284	0.6428571428571428	G	A	C	T	3	2	2	15	22
TOBG_CPC-1399.fna_10823	7042	7048	6	0.0307692307692307	1.0	0.0476190476190476	1.0	T	C	C	T	0	1	8	12	21
TOBG_CPC-1399.fna_10823	7048	7054	6	0.4318181818181814	1.0	0.3333333333333334	1.0	C	T	C	T	3	3	0	19	25
TOBG_CPC-1399.fna_10823	7048	7061	13	0.0175438596491225	1.0	0.037037037037037	1.0	C	T	A	C	0	2	3	16	21
TOBG_CPC-1399.fna_10823	7048	7102	54	0.3000000000000007	1.0			C	T	A	G	1	0	2	18	21
TOBG_CPC-1399.fna_10823	7054	7061	7	0.0666666666666664	1.0	0.037037037037037	1.0	C	T	A	C	0	3	6	12	21
TOBG_CPC-1399.fna_10823	7054	7102	48	0.1600000000000007	1.0000000000000002			C	T	A	G	1	0	4	16	21
TOBG_CPC-1399.fna_10823	7061	7084	23	0.6315789473684227	1.0			A	C	G	A	2	0	1	18	21
TOBG_CPC-1399.fna_10823	7061	7102	41	0.0075187969924812	1.0	0.002770083102493	1.0	A	C	A	G	0	1	3	18	22
TOBG_CPC-1399.fna_10823	7084	7102	18	0.0043290043290044	1.0			G	A	A	G	0	1	2	20	23
TOBG_CPC-1399.fna_10823	7093	7102	9	0.0294117647058824	1.0	0.0225563909774436	1.0	T	C	A	G	0	2	5	15	22
TOBG_CPC-1399.fna_10823	7093	7117	24	0.0073529411764706	0.25	0.0079365079365079	0.1666666666666667	T	C	A	T	1	6	3	11	21
TOBG_CPC-1399.fna_17905	4474	4486	12	0.1403508771929828	1.0000000000000002	0.1358024691358025	1.0	T	G	C	T	2	7	0	12	21
TOBG_CPC-1399.fna_28758	2684	2686	2	0.9999999999999998	1.0	0.9999999999999998	1.0	C	T	T	G	3	0	0	20	23
TOBG_CPC-1399.fna_28758	2684	2698	14	0.5333333333333335	1.0000000000000002	0.7500000000000001	1.0	C	T	T	A	3	2	0	16	21
TOBG_CPC-1399.fna_28758	2684	2756	72	1.0000000000000009	1.0000000000000002	1.0	1.0	C	T	T	C	3	0	0	18	21
TOBG_CPC-1399.fna_28758	2686	2698	12	0.4250000000000003	1.0000000000000002	0.6428571428571428	1.0	T	G	T	A	3	3	0	17	23
TOBG_CPC-1399.fna_28758	2686	2756	70	1.0	1.0	1.0	1.0	T	G	T	C	3	0	0	19	22
TOBG_CPC-1399.fna_28758	2686	2758	72	0.1157894736842104	1.0	0.0430622009569378	1.0	T	G	A	G	0	11	2	8	21
TOBG_CPC-1399.fna_28758	2698	2756	58	0.5333333333333335	1.0000000000000002	0.6296296296296297	1.0	T	A	T	C	3	0	2	16	21
TOBG_CPC-1399.fna_28758	2756	2758	2	0.12	1.0	0.1111111111111111	1.0	T	C	A	G	0	12	2	8	22
TOBG_CPC-1399.fna_28758	2758	2767	9	1.0000000000000002	1.0000000000000002	0.9999999999999998	1.0	A	G	A	G	10	0	0	12	22
TOBG_CPC-1399.fna_28758	2912	2965	53	0.0656250000000001	1.0	0.0756302521008403	1.0	T	G	A	C	0	3	7	13	23
TOBG_CPC-1399.fna_28758	2912	2970	58	0.0941176470588233	1.0	0.1443850267379679	1.0	T	G	A	G	0	4	6	11	21
TOBG_CPC-1399.fna_28758	2965	2970	5	0.0810059171597629	0.2846153846153846	0.1633986928104575	0.5555555555555555	A	C	A	G	2	3	3	23	31
TOBG_CPC-1399.fna_28758	2965	2991	26	0.5555555555555559	1.0	0.6296296296296297	1.0	A	C	G	A	3	0	2	25	30
TOBG_CPC-1399.fna_28758	2970	2991	21	0.0158730158730158	1.0	0.0277777777777777	1.0	A	G	G	A	0	3	4	24	31
TOBG_CPC-1399.fna_28758	3177	3291	114	0.9999999999999992	1.0	0.9999999999999998	1.0	T	G	G	C	4	0	0	18	22
TOBG_CPC-1399.fna_28758	3177	3351	174	0.4807692307692285	1.0	1.0	1.0	T	G	G	A	1	0	1	25	27
TOBG_CPC-1399.fna_28758	3177	3363	186	0.2199999999999992	1.0	0.4444444444444443	0.9999999999999998	T	G	G	A	1	0	3	22	26
TOBG_CPC-1399.fna_28758	3177	3381	204	0.3030303030303034	1.0			T	G	C	T	1	0	2	20	23
TOBG_CPC-1399.fna_28758	3177	3387	210	0.9999999999999992	1.0	0.9999999999999998	1.0	T	G	A	G	4	0	0	18	22
TOBG_CPC-1399.fna_28758	3177	3378	201	0.3015873015873004	1.0			T	G	C	T	1	0	2	19	22
TOBG_CPC-1399.fna_28758	3282	3291	9					C	G	G	C	0	7	0	25	32
TOBG_CPC-1399.fna_28758	3282	3302	20					C	G	T	A	0	0	2	23	25
TOBG_CPC-1399.fna_28758	3282	3351	69	0.3015873015873004	1.0			C	G	G	A	1	2	0	19	22
TOBG_CPC-1399.fna_28758	3282	3363	81	0.4499999999999995	1.0	0.9999999999999998	0.9999999999999998	C	G	G	A	2	2	0	18	22
TOBG_CPC-1399.fna_28758	3282	3387	105	0.1710526315789475	1.0	0.3333333333333334	1.0	C	G	A	G	2	6	0	13	21
TOBG_CPC-1399.fna_28758	3291	3302	11					G	C	T	A	0	0	8	21	29
TOBG_CPC-1399.fna_28758	3291	3351	60	0.2839506172839504	1.0	0.6296296296296297	1.0	G	C	G	A	2	0	4	23	29
TOBG_CPC-1399.fna_28758	3291	3363	72	0.2777777777777774	1.0	0.4736842105263156	1.0	G	C	G	A	2	0	4	20	26
TOBG_CPC-1399.fna_28758	3291	3378	87	0.2727272727272727	1.0	0.2063492063492063	1.0	G	C	C	T	2	0	4	18	24
TOBG_CPC-1399.fna_28758	3291	3381	90	0.3506493506493509	1.0	0.3277310924369748	1.0	G	C	C	T	3	0	4	18	25
TOBG_CPC-1399.fna_28758	3291	3387	96	0.9999999999999998	1.0	1.0	1.0	G	C	A	G	7	0	0	18	25
TOBG_CPC-1399.fna_28758	3302	3351	49	0.0085470085470086	1.0	0.0058479532163742	1.0	T	A	G	A	0	3	2	24	29
TOBG_CPC-1399.fna_28758	3302	3363	61	0.0061728395061727	1.0	0.0175438596491228	1.0	T	A	G	A	0	4	1	23	28
TOBG_CPC-1399.fna_28758	3302	3378	76	0.0139130434782608	1.0			T	A	C	T	0	2	4	21	27
TOBG_CPC-1399.fna_28758	3302	3381	79	0.0217391304347827	1.0	0.0092879256965944	1.0	T	A	C	T	0	4	3	20	27
TOBG_CPC-1399.fna_28758	3302	3387	85	0.0399999999999996	1.0			T	A	A	G	0	9	2	16	27
TOBG_CPC-1399.fna_28758	3302	3426	124					T	A	C	T	0	0	3	18	21
TOBG_CPC-1399.fna_28758	3351	3363	12	1.0	1.0	1.0	1.0	G	A	G	A	3	0	0	45	48
TOBG_CPC-1399.fna_28758	3351	3381	30	0.7818181818181799	1.0	1.0	1.0	G	A	C	T	4	1	0	43	48
TOBG_CPC-1399.fna_28758	3351	3387	36	0.4499999999999995	1.0			G	A	A	G	4	4	0	36	44
TOBG_CPC-1399.fna_28758	3351	3378	27	1.0000000000000029	1.0			G	A	C	T	3	0	0	41	44
TOBG_CPC-1399.fna_28758	3351	3426	75	1.000000000000005	1.0			G	A	C	T	1	0	0	40	41
TOBG_CPC-1399.fna_28758	3351	3447	96					G	A	G	C	0	0	0	24	24
TOBG_CPC-1399.fna_28758	3363	3381	18	0.9999999999999986	1.0	1.0	1.0	G	A	C	T	3	0	0	42	45
TOBG_CPC-1399.fna_28758	3363	3387	24	0.387464387464388	1.0	0.1443850267379678	0.9999999999999998	G	A	A	G	4	5	0	34	43
TOBG_CPC-1399.fna_28758	3363	3378	15	1.000000000000003	1.0			G	A	C	T	2	0	0	36	38
TOBG_CPC-1399.fna_28758	3363	3426	63					G	A	C	T	0	0	0	36	36
TOBG_CPC-1399.fna_28758	3363	3447	84					G	A	G	C	0	0	0	25	25
TOBG_CPC-1399.fna_28758	3363	3454	91					G	A	A	G	0	3	0	18	21
TOBG_CPC-1399.fna_28758	3378	3381	3	0.813008130081301	1.0			C	T	C	T	5	1	0	40	46
TOBG_CPC-1399.fna_28758	3378	3387	9	0.4970760233918129	1.0	0.5294117647058822	1.0	C	T	A	G	5	4	0	34	43
TOBG_CPC-1399.fna_28758	3378	3426	48	1.0000000000000009	0.9999999999999998	1.0	1.0	C	T	C	T	3	0	0	39	42
TOBG_CPC-1399.fna_28758	3378	3447	69					C	T	G	C	0	0	2	22	24
TOBG_CPC-1399.fna_28758	3381	3387	6	0.5727272727272731	1.0	0.6296296296296295	1.0	C	T	A	G	7	4	0	36	47
TOBG_CPC-1399.fna_28758	3381	3426	45	0.73076923076923	1.0	1.0	1.0	C	T	C	T	3	0	1	38	42
TOBG_CPC-1399.fna_28758	3381	3447	66					C	T	G	C	0	0	2	25	27
TOBG_CPC-1399.fna_28758	3381	3454	73	0.3015873015873004	1.0	1.0	1.0	C	T	A	G	1	2	0	19	22
TOBG_CPC-1399.fna_28758	3387	3426	39	0.3822393822393825	1.0000000000000002	0.1228070175438596	1.0000000000000002	A	G	C	T	3	0	4	33	40
TOBG_CPC-1399.fna_28758	3387	3447	60					A	G	G	C	0	0	6	19	25
TOBG_CPC-1399.fna_28758	3387	3454	67	1.000000000000001	1.0000000000000002	1.0	1.0	A	G	A	G	5	0	0	16	21
TOBG_CPC-1399.fna_28758	3426	3447	21	0.0050420168067228	1.0	0.0058479532163742	1.0	C	T	G	C	0	2	3	32	37
TOBG_CPC-1399.fna_28758	3426	3459	33	0.5586206896551724	1.0	0.2105263157894736	0.9999999999999998	C	T	G	C	3	2	0	27	32
TOBG_CPC-1399.fna_28758	3426	3468	42	0.5428571428571434	1.0000000000000002	0.4117647058823529	1.0	C	T	A	G	3	2	0	19	24
TOBG_CPC-1399.fna_28758	3426	3474	48	1.0000000000000024	1.0	1.0	1.0	C	T	C	A	2	0	0	21	23
TOBG_CPC-1399.fna_28758	3426	3480	54	0.9999999999999974	1.0	1.0	1.0	C	T	G	A	2	0	0	24	26
TOBG_CPC-1399.fna_28758	3426	3489	63	0.7173913043478268	1.0	0.6296296296296297	1.0	C	T	C	T	3	0	1	22	26
TOBG_CPC-1399.fna_28758	3426	3495	69	0.3015873015873004	1.0	0.6296296296296295	1.0	C	T	G	A	1	2	0	19	22
TOBG_CPC-1399.fna_28758	3426	3454	28	0.1152073732718894	1.0			C	T	A	G	1	6	0	25	32
TOBG_CPC-1399.fna_28758	3426	3465	39	0.5454545454545451	1.0	0.9999999999999998	1.0	C	T	T	C	3	2	0	20	25
TOBG_CPC-1399.fna_28758	3447	3454	7	0.3080357142857147	1.0	0.4117647058823529	1.0	G	C	A	G	3	5	0	23	31
TOBG_CPC-1399.fna_28758	3447	3459	12	0.5571428571428557	0.9999999999999998	1.0	1.0	G	C	G	C	3	2	0	26	31
TOBG_CPC-1399.fna_28758	3447	3468	21	0.4318181818181814	1.0	0.4642857142857142	1.0	G	C	A	G	3	3	0	19	25
TOBG_CPC-1399.fna_28758	3447	3474	27	0.0142857142857145	1.0			G	C	C	A	0	2	3	18	23
TOBG_CPC-1399.fna_28758	3447	3480	33	0.0108695652173914	1.0	0.0196078431372549	1.0	G	C	G	A	0	2	3	21	26
TOBG_CPC-1399.fna_28758	3447	3489	42	0.0185950413223139	1.0			G	C	C	T	0	3	3	19	25
TOBG_CPC-1399.fna_28758	3447	3495	48	0.6315789473684227	1.0	1.0	1.0	G	C	G	A	2	1	0	18	21
TOBG_CPC-1399.fna_28758	3447	3465	18	0.4285714285714285	1.0	0.6296296296296295	1.0	G	C	T	C	3	3	0	18	24
TOBG_CPC-1399.fna_28758	3454	3459	5	0.5142857142857142	1.0000000000000002	0.6296296296296297	1.0	A	G	G	C	4	0	3	27	34
TOBG_CPC-1399.fna_28758	3454	3465	11	0.6111111111111114	1.0000000000000002	0.7058823529411763	1.0	A	G	T	C	4	0	2	22	28
TOBG_CPC-1399.fna_28758	3454	3468	14	0.6031746031746036	1.0000000000000002			A	G	A	G	4	0	2	19	25
TOBG_CPC-1399.fna_28758	3454	3474	20					A	G	C	A	0	0	5	21	26
TOBG_CPC-1399.fna_28758	3454	3480	26					A	G	G	A	0	0	5	23	28
TOBG_CPC-1399.fna_28758	3454	3489	35	0.1346153846153844	1.0000000000000002			A	G	C	T	1	0	5	21	27
TOBG_CPC-1399.fna_28758	3454	3495	41	0.6349206349206359	1.0	0.4444444444444443	0.9999999999999998	A	G	G	A	2	0	1	20	23
TOBG_CPC-1399.fna_28758	3459	3468	9	1.0000000000000009	1.0	0.9999999999999998	1.0	G	C	A	G	5	0	0	23	28
TOBG_CPC-1399.fna_28758	3459	3474	15	0.2222222222222227	1.0000000000000002	0.4444444444444443	0.9999999999999998	G	C	C	A	1	0	3	24	28
TOBG_CPC-1399.fna_28758	3459	3480	21	0.2250000000000001	1.0			G	C	G	A	1	0	3	27	31
TOBG_CPC-1399.fna_28758	3459	3489	30	0.2873563218390811	1.0	0.3333333333333334	1.0	G	C	C	T	2	0	4	25	31
TOBG_CPC-1399.fna_28758	3459	3495	36	1.0000000000000018	1.0	1.0	1.0	G	C	G	A	2	0	0	22	24
TOBG_CPC-1399.fna_28758	3459	3465	6	0.9999999999999992	1.0	1.0	1.0	G	C	T	C	5	0	0	26	31
TOBG_CPC-1399.fna_28758	3459	3522	63	0.3368421052631584	1.0000000000000002	0.2063492063492063	1.0	G	C	T	C	2	0	3	16	21
TOBG_CPC-1399.fna_28758	3465	3468	3	1.0000000000000002	1.0	1.0	1.0	T	C	A	G	6	0	0	22	28
TOBG_CPC-1399.fna_28758	3465	3474	9	0.3555555555555564	1.0	0.2982456140350877	1.0	T	C	C	A	2	0	3	24	29
TOBG_CPC-1399.fna_28758	3465	3480	15	0.3586206896551715	1.0			T	C	G	A	2	0	3	26	31
TOBG_CPC-1399.fna_28758	3465	3489	24	0.4423076923076925	1.0	0.3333333333333334	1.0	T	C	C	T	3	0	3	23	29
TOBG_CPC-1399.fna_28758	3465	3495	30	1.0000000000000009	1.0	0.9999999999999998	1.0	T	C	G	A	3	0	0	22	25
TOBG_CPC-1399.fna_28758	3465	3531	66	0.5333333333333335	1.0000000000000002	0.9999999999999998	1.0	T	C	C	T	3	2	0	16	21
TOBG_CPC-1399.fna_28758	3465	3537	72	0.4250000000000003	1.0000000000000002	0.4642857142857143	1.0	T	C	C	A	3	0	3	17	23
TOBG_CPC-1399.fna_28758	3465	3522	57	0.3399999999999998	1.0	0.1228070175438596	1.0000000000000002	T	C	T	C	2	0	3	17	22
TOBG_CPC-1399.fna_28758	3468	3474	6	0.3571428571428574	1.0	0.4444444444444443	0.9999999999999998	A	G	C	A	2	0	3	25	30
TOBG_CPC-1399.fna_28758	3468	3480	12	0.36	1.0	1.0	1.0	A	G	G	A	2	0	3	27	32
TOBG_CPC-1399.fna_28758	3468	3489	21	0.4464285714285713	1.0	0.1578947368421053	1.0	A	G	C	T	3	0	3	25	31
TOBG_CPC-1399.fna_28758	3468	3495	27	1.0000000000000009	1.0	1.0	1.0	A	G	G	A	3	0	0	22	25
TOBG_CPC-1399.fna_28758	3468	3522	54	0.3368421052631584	1.0000000000000002	0.7058823529411763	1.0	A	G	T	C	2	0	3	16	21
TOBG_CPC-1399.fna_28758	3468	3537	69	0.4166666666666667	1.0	0.2982456140350877	1.0	A	G	C	A	3	0	3	15	21
TOBG_CPC-1399.fna_28758	3474	3480	6	0.9999999999999992	1.0			C	A	G	A	2	0	0	31	33
TOBG_CPC-1399.fna_28758	3474	3489	15	0.9999999999999986	1.0	0.9999999999999998	1.0	C	A	C	T	2	0	0	28	30
TOBG_CPC-1399.fna_28758	3474	3495	21	0.3066666666666687	1.0			C	A	G	A	1	2	0	23	26
TOBG_CPC-1399.fna_28758	3474	3522	48	1.0000000000000018	1.0	1.0	1.0	C	A	T	C	2	0	0	22	24
TOBG_CPC-1399.fna_28758	3474	3531	57					C	A	C	T	0	5	0	16	21
TOBG_CPC-1399.fna_28758	3474	3537	63	1.000000000000001	1.0	0.9999999999999998	1.0	C	A	C	A	2	0	0	20	22
TOBG_CPC-1399.fna_28758	3480	3489	9	0.9999999999999992	1.0	1.0	1.0	G	A	C	T	2	0	0	31	33
TOBG_CPC-1399.fna_28758	3480	3495	15	0.3095238095238084	1.0			G	A	G	A	1	2	0	26	29
TOBG_CPC-1399.fna_28758	3480	3522	42	1.0000000000000018	1.0	1.0	1.0	G	A	T	C	2	0	0	22	24
TOBG_CPC-1399.fna_28758	3480	3531	51					G	A	C	T	0	5	0	17	22
TOBG_CPC-1399.fna_28758	3480	3537	57	1.0000000000000024	1.0	1.0	1.0	G	A	C	A	2	0	0	21	23
TOBG_CPC-1399.fna_28758	3489	3495	6	0.2232142857142859	1.0000000000000002	0.2982456140350877	1.0	C	T	G	A	1	3	0	25	29
TOBG_CPC-1399.fna_28758	3489	3522	33	0.3499999999999997	1.0	0.6296296296296295	1.0	C	T	T	C	2	3	0	21	26
TOBG_CPC-1399.fna_28758	3489	3531	42					C	T	C	T	0	9	0	16	25
TOBG_CPC-1399.fna_28758	3489	3537	48	0.5478260869565215	1.0	0.4444444444444443	0.9999999999999998	C	T	C	A	3	2	0	21	26
TOBG_CPC-1399.fna_28758	3489	3573	84					C	T	A	G	0	2	0	19	21
TOBG_CPC-1399.fna_28758	3489	3579	90	0.3368421052631584	1.0000000000000002	0.4444444444444443	0.9999999999999998	C	T	A	C	2	3	0	16	21
TOBG_CPC-1399.fna_28758	3489	3558	69	0.6315789473684227	1.0	1.0	1.0	C	T	A	G	2	1	0	18	21
TOBG_CPC-1399.fna_28758	3495	3522	27	0.4473684210526317	1.0	0.2982456140350877	1.0	G	A	T	C	2	0	2	17	21
TOBG_CPC-1399.fna_28758	3495	3531	36	0.5368421052631582	1.0	0.6296296296296295	1.0	G	A	C	T	3	2	0	17	22
TOBG_CPC-1399.fna_28758	3495	3537	42	0.4523809523809512	1.0	1.0	1.0	G	A	C	A	2	0	2	19	23
TOBG_CPC-1399.fna_28758	3522	3531	9	0.2086956521739132	1.0	0.0430622009569377	1.0	T	C	C	T	3	7	0	16	26
TOBG_CPC-1399.fna_28758	3522	3537	15	0.7652173913043475	1.0000000000000002	0.4736842105263156	1.0	T	C	C	A	4	0	1	22	27
TOBG_CPC-1399.fna_28758	3522	3573	51	0.6363636363636378	1.0	0.4736842105263156	1.0	T	C	A	G	2	0	1	21	24
TOBG_CPC-1399.fna_28758	3522	3579	57	0.0069444444444445	0.0833333333333333	0.0441176470588235	1.0	T	C	A	C	1	3	3	15	22
TOBG_CPC-1399.fna_28758	3522	3558	36	0.6315789473684227	1.0	0.4736842105263156	1.0	T	C	A	G	2	0	1	18	21
TOBG_CPC-1399.fna_28758	3531	3537	6	0.1600000000000007	1.0	0.2063492063492063	1.0	C	T	C	A	2	0	7	18	27
TOBG_CPC-1399.fna_28758	3531	3573	42	0.1545893719806764	1.0	0.2105263157894736	0.9999999999999998	C	T	A	G	2	0	7	16	25
TOBG_CPC-1399.fna_28758	3531	3579	48	0.2333333333333332	1.0	0.3333333333333334	1.0	C	T	A	C	3	0	6	14	23
TOBG_CPC-1399.fna_28758	3531	3558	27	0.102040816326531	1.0000000000000002	0.4444444444444443	0.9999999999999998	C	T	A	G	1	0	6	15	22
TOBG_CPC-1399.fna_28758	3537	3573	36	1.0	1.0	1.0	1.0	C	A	A	G	2	0	0	23	25
TOBG_CPC-1399.fna_28758	3537	3579	42	0.1031578947368418	0.3684210526315789	1.0	1.0	C	A	A	C	2	3	2	17	24
TOBG_CPC-1399.fna_28758	3537	3594	57	1.0000000000000004	1.0	0.9999999999999998	0.9999999999999998	C	A	G	A	4	0	0	17	21
TOBG_CPC-1399.fna_28758	3537	3558	21	1.0	1.0	1.0	1.0	C	A	A	G	3	0	0	21	24
TOBG_CPC-1399.fna_28758	3573	3579	6	0.0142857142857145	1.0	0.0092879256965944	1.0	A	G	A	C	0	3	2	18	23
TOBG_CPC-1399.fna_28758	3579	3594	15	0.088970588235294	0.34375	0.0476190476190475	0.2857142857142857	A	C	G	A	2	2	3	14	21
TOBG_CPC-1399.fna_28758	4045	4081	36	0.9999999999999996	1.0	0.9999999999999998	1.0	G	A	C	T	8	0	0	30	38
TOBG_CPC-1399.fna_28758	4045	4126	81	0.0001114081996435	0.0196078431372549	0.0225563909774436	1.0	G	A	C	T	1	2	7	15	25
TOBG_CPC-1399.fna_28758	4081	4126	45	0.0062499999999999	0.2500000000000001	0.0950226244343891	1.0	C	T	C	T	1	3	7	13	24
TOBG_CPC-1399.fna_28758	4126	4189	63	0.0199999999999997	1.0	0.0430622009569378	1.0	C	T	A	T	0	6	1	14	21
TOBG_CPC-1399.fna_28758	4189	4267	78	1.0000000000000004	1.0	1.0	1.0	A	T	G	T	8	0	0	25	33
TOBG_CPC-1399.fna_28758	4189	4190	1	0.9999999999999996	1.0	1.0	1.0	A	T	T	G	10	0	0	24	34
TOBG_CPC-1399.fna_28758	4190	4267	77	1.0000000000000009	1.0	0.9999999999999998	0.9999999999999998	T	G	G	T	8	0	0	22	30
TOBG_CPC-1399.fna_28758	4267	4321	54	0.2058823529411761	1.0	0.2045454545454545	1.0	G	T	T	A	0	10	7	10	27
TOBG_CPC-1399.fna_28758	4321	4363	42					T	A	G	A	0	0	8	13	21
TOBG_CPC-1399.fna_28758	4363	4393	30	0.0157894736842104	1.0	0.0311418685121107	1.0	G	A	T	G	0	2	3	17	22
TOBG_CPC-1399.fna_28758	4393	4441	48	1.0000000000000002	1.0	0.9999999999999998	0.9999999999999998	T	G	T	C	6	0	0	19	25
TOBG_CPC-1399.fna_28758	4393	4444	51	0.6060606060606052	1.0	0.4117647058823529	1.0	T	G	G	A	4	2	0	20	26
TOBG_CPC-1399.fna_28758	4441	4444	3	0.6964285714285723	1.0000000000000002	0.9999999999999998	1.0	T	C	G	A	6	2	0	26	34
TOBG_CPC-1399.fna_28758	4528	4540	12	0.0062111801242236	1.0	0.0058479532163742	1.0	T	C	G	T	0	3	1	20	24
TOBG_CPC-1399.fna_28758	4627	4636	9	0.4250000000000003	1.0000000000000002	0.7058823529411763	1.0	A	G	G	T	3	0	3	17	23
TOBG_CPC-1399.fna_28758	4627	4645	18	0.1687499999999998	0.5625000000000001	0.1578947368421053	1.0	A	G	C	G	2	1	3	15	21
TOBG_CPC-1399.fna_28758	4633	4636	3	1.0	1.0	0.9999999999999998	1.0	A	C	G	T	3	0	0	19	22
TOBG_CPC-1399.fna_28758	4633	4645	12	0.7083333333333323	1.0	0.7500000000000001	1.0	A	C	C	G	3	1	0	17	21
TOBG_CPC-1399.fna_28758	4636	4645	9	0.6363636363636377	1.0			G	T	C	G	2	1	0	21	24
TOBG_CPC-1399.fna_28758	4636	4653	17	1.0000000000000024	1.0	0.9999999999999998	1.0	G	T	A	G	2	0	0	21	23
TOBG_CPC-1399.fna_28758	4645	4653	8	0.4782608695652197	1.0	0.2105263157894736	0.9999999999999998	C	G	A	G	1	0	1	22	24
TOBG_CPC-1399.fna_28758	4653	4685	32	0.0277777777777781	1.0	0.0441176470588235	1.0	A	G	G	C	0	3	3	15	21
TOBG_CPC-1399.fna_28758	4683	4685	2	0.0285714285714286	1.0	0.0277777777777777	1.0	G	A	G	C	0	3	4	17	24
TOBG_CPC-1399.fna_28758	5022	5121	99					C	A	G	A	0	0	5	25	30
TOBG_CPC-1399.fna_28758	5022	5127	105					C	A	C	T	0	0	3	20	23
TOBG_CPC-1399.fna_28758	5022	5196	174					C	A	G	A	0	0	4	21	25
TOBG_CPC-1399.fna_28758	5121	5127	6	1.0000000000000004	1.0	1.0	1.0	G	A	C	T	6	0	0	50	56
TOBG_CPC-1399.fna_28758	5121	5166	45	1.000000000000001	1.0	1.0	1.0	G	A	T	A	4	0	0	40	44
TOBG_CPC-1399.fna_28758	5121	5184	63	0.0039525691699604	1.0			G	A	C	A	0	2	4	42	48
TOBG_CPC-1399.fna_28758	5121	5196	75	1.000000000000001	1.0	1.0	1.0	G	A	G	A	4	0	0	43	47
TOBG_CPC-1399.fna_28758	5121	5208	87	1.0	1.0	0.9999999999999998	1.0	G	A	T	C	5	0	0	35	40
TOBG_CPC-1399.fna_28758	5121	5217	96	0.004340277777778	1.0	0.0058479532163742	1.0	G	A	A	G	0	1	5	31	37
TOBG_CPC-1399.fna_28758	5121	5232	111	1.0000000000000002	1.0	1.0	1.0	G	A	C	T	3	0	0	23	26
TOBG_CPC-1399.fna_28758	5121	5250	129	1.0	1.0	0.9999999999999998	1.0	G	A	G	A	3	0	0	19	22
TOBG_CPC-1399.fna_28758	5121	5253	132	0.9999999999999992	1.0	0.9999999999999998	0.9999999999999998	G	A	T	C	4	0	0	18	22
TOBG_CPC-1399.fna_28758	5127	5166	39	0.9999999999999994	1.0	0.9999999999999998	1.0	C	T	T	A	5	0	0	33	38
TOBG_CPC-1399.fna_28758	5127	5184	57	0.0075187969924812	1.0	0.0131578947368421	1.0	C	T	C	A	0	2	6	36	44
TOBG_CPC-1399.fna_28758	5127	5196	69	1.0000000000000009	1.0	0.9999999999999998	1.0	C	T	G	A	6	0	0	34	40
TOBG_CPC-1399.fna_28758	5127	5208	81	0.9999999999999988	0.9999999999999998	1.0	1.0	C	T	T	C	7	0	0	28	35
TOBG_CPC-1399.fna_28758	5127	5217	90	0.0078563411896743	1.0	0.0092879256965944	1.0	C	T	A	G	0	1	7	26	34
TOBG_CPC-1399.fna_28758	5127	5232	105	0.9999999999999992	1.0	1.0	1.0	C	T	C	T	4	0	0	20	24
TOBG_CPC-1399.fna_28758	5127	5250	123	0.9999999999999992	1.0	1.0	1.0	C	T	G	A	4	0	0	18	22
TOBG_CPC-1399.fna_28758	5127	5253	126	1.0000000000000002	1.0000000000000002	1.0	1.0	C	T	T	C	6	0	0	16	22
TOBG_CPC-1399.fna_28758	5166	5184	18	0.0055504162812208	1.0	0.0175438596491228	1.0	T	A	C	A	0	3	4	43	50
TOBG_CPC-1399.fna_28758	5166	5196	30	1.0	1.0			T	A	G	A	3	0	0	45	48
TOBG_CPC-1399.fna_28758	5166	5208	42	0.7794871794871786	1.0			T	A	T	C	4	1	0	38	43
TOBG_CPC-1399.fna_28758	5166	5217	51	0.0100840336134454	1.0			T	A	A	G	0	3	4	31	38
TOBG_CPC-1399.fna_28758	5166	5232	66	0.9999999999999986	1.0			T	A	C	T	2	0	0	28	30
TOBG_CPC-1399.fna_28758	5166	5250	84	0.9999999999999986	1.0	1.0	1.0	T	A	G	A	2	0	0	25	27
TOBG_CPC-1399.fna_28758	5166	5253	87	1.0000000000000002	1.0	0.9999999999999998	0.9999999999999998	T	A	T	C	3	0	0	23	26
TOBG_CPC-1399.fna_28758	5166	5247	81	0.9999999999999998	1.0	0.9999999999999998	1.0	T	A	T	G	3	0	0	20	23
TOBG_CPC-1399.fna_28758	5184	5196	12	0.0062656641604007	1.0			C	A	G	A	0	4	5	52	61
TOBG_CPC-1399.fna_28758	5184	5208	24	0.0094823415578133	0.1076923076923076	0.9999999999999998	1.0	C	A	T	C	1	5	4	48	58
TOBG_CPC-1399.fna_28758	5184	5217	33	0.5744680851063816	1.0			C	A	A	G	3	0	2	45	50
TOBG_CPC-1399.fna_28758	5184	5232	48	0.015015015015015	1.0			C	A	C	T	0	4	5	32	41
TOBG_CPC-1399.fna_28758	5184	5250	66	0.0178253119429589	1.0	0.0441176470588235	1.0	C	A	G	A	0	4	5	29	38
TOBG_CPC-1399.fna_28758	5184	5253	69	0.0302419354838713	1.0	0.0756302521008403	1.0	C	A	T	C	0	5	6	26	37
TOBG_CPC-1399.fna_28758	5184	5247	63	0.0246305418719212	1.0			C	A	T	G	0	5	4	24	33
TOBG_CPC-1399.fna_28758	5196	5208	12	0.8418367346938785	1.0000000000000002	0.6296296296296295	1.0	G	A	T	C	6	1	0	55	62
TOBG_CPC-1399.fna_28758	5196	5217	21	0.0082332761578043	1.0			G	A	A	G	0	4	6	49	59
TOBG_CPC-1399.fna_28758	5196	5232	36	0.9999999999999996	1.0			G	A	C	T	3	0	0	44	47
TOBG_CPC-1399.fna_28758	5196	5250	54	1.0000000000000009	0.9999999999999998	0.9999999999999998	1.0	G	A	G	A	3	0	0	39	42
TOBG_CPC-1399.fna_28758	5196	5253	57	0.9999999999999992	1.0	1.0	1.0	G	A	T	C	5	0	0	36	41
TOBG_CPC-1399.fna_28758	5196	5247	51	0.9999999999999984	1.0	1.0	1.0	G	A	T	G	5	0	0	32	37
TOBG_CPC-1399.fna_28758	5196	5295	99	0.999999999999999	1.0000000000000002	0.9999999999999998	1.0	G	A	T	A	2	0	0	19	21
TOBG_CPC-1399.fna_28758	5208	5217	9	0.0078240740740741	0.13	0.0465205690119184	0.2156862745098039	T	C	A	G	1	3	7	47	58
TOBG_CPC-1399.fna_28758	5208	5232	24	0.7809523809523825	1.0	0.7500000000000001	1.0	T	C	C	T	4	0	1	41	46
TOBG_CPC-1399.fna_28758	5208	5250	42	0.7794871794871786	1.0	1.0	1.0	T	C	G	A	4	0	1	38	43
TOBG_CPC-1399.fna_28758	5208	5253	45	0.8333333333333319	1.0	0.5	1.0	T	C	T	C	6	0	1	35	42
TOBG_CPC-1399.fna_28758	5208	5247	39	0.8294930875576032	0.9999999999999998	1.0	1.0	T	C	T	G	6	0	1	30	37
TOBG_CPC-1399.fna_28758	5208	5256	48	0.9999999999999992	1.0	1.0	1.0	T	C	T	C	4	0	0	18	22
TOBG_CPC-1399.fna_28758	5208	5295	87	1.0	1.0	0.9999999999999998	0.9999999999999998	T	C	T	A	3	0	0	19	22
TOBG_CPC-1399.fna_28758	5217	5232	15	0.0053191489361702	1.0			A	G	C	T	0	4	3	44	51
TOBG_CPC-1399.fna_28758	5217	5250	33	0.0066445182724251	1.0	0.0123456790123456	1.0	A	G	G	A	0	4	3	39	46
TOBG_CPC-1399.fna_28758	5217	5253	36	0.0109890109890108	1.0			A	G	T	C	0	6	3	36	45
TOBG_CPC-1399.fna_28758	5217	5247	30	0.0121621621621623	1.0			A	G	T	G	0	6	3	34	43
TOBG_CPC-1399.fna_28758	5217	5256	39					A	G	T	C	0	4	0	19	23
TOBG_CPC-1399.fna_28758	5217	5295	78	0.0142857142857145	1.0	0.037037037037037	1.0	A	G	T	A	0	3	2	18	23
TOBG_CPC-1399.fna_28758	5232	5250	18	0.9999999999999988	1.0	1.0	1.0	C	T	G	A	4	0	0	49	53
TOBG_CPC-1399.fna_28758	5232	5253	21	1.0	1.0			C	T	T	C	4	0	0	46	50
TOBG_CPC-1399.fna_28758	5232	5247	15	1.0000000000000024	1.0			C	T	T	G	4	0	0	42	46
TOBG_CPC-1399.fna_28758	5232	5256	24	0.9999999999999992	1.0	0.9999999999999998	1.0	C	T	T	C	3	0	0	27	30
TOBG_CPC-1399.fna_28758	5232	5295	63	1.000000000000003	1.0	1.0	1.0	C	T	T	A	2	0	0	29	31
TOBG_CPC-1399.fna_28758	5232	5346	114	0.999999999999999	1.0000000000000002	1.0	1.0	C	T	C	T	2	0	0	19	21
TOBG_CPC-1399.fna_28758	5247	5250	3	1.000000000000001	1.0	0.9999999999999998	1.0	T	G	G	A	4	0	0	43	47
TOBG_CPC-1399.fna_28758	5247	5253	6	1.0	1.0	0.9999999999999998	0.9999999999999998	T	G	T	C	6	0	0	42	48
TOBG_CPC-1399.fna_28758	5247	5256	9	1.0000000000000009	1.0	1.0	1.0	T	G	T	C	4	0	0	27	31
TOBG_CPC-1399.fna_28758	5247	5295	48	0.999999999999999	1.0	1.0	1.0	T	G	T	A	3	0	0	26	29
TOBG_CPC-1399.fna_28758	5247	5346	99	1.0	1.0	1.0	1.0	T	G	C	T	3	0	0	19	22
TOBG_CPC-1399.fna_28758	5247	5349	102	1.0000000000000009	1.0000000000000002	0.9999999999999998	0.9999999999999998	T	G	T	A	3	0	0	18	21
TOBG_CPC-1399.fna_28758	5250	5253	3	0.9999999999999988	1.0	1.0	1.0	G	A	T	C	4	0	0	49	53
TOBG_CPC-1399.fna_28758	5250	5256	6	1.0	1.0	0.9999999999999998	1.0	G	A	T	C	3	0	0	29	32
TOBG_CPC-1399.fna_28758	5250	5295	45	1.000000000000003	1.0	0.9999999999999998	1.0	G	A	T	A	2	0	0	29	31
TOBG_CPC-1399.fna_28758	5253	5256	3	1.0	1.0			T	C	T	C	4	0	0	28	32
TOBG_CPC-1399.fna_28758	5253	5295	42	1.0	1.0	0.9999999999999998	1.0	T	C	T	A	3	0	0	29	32
TOBG_CPC-1399.fna_28758	5253	5346	93	0.9999999999999998	1.0	0.9999999999999998	1.0	T	C	C	T	3	0	0	20	23
TOBG_CPC-1399.fna_28758	5253	5349	96	1.0000000000000009	1.0000000000000002	0.9999999999999998	1.0	T	C	T	A	3	0	0	18	21
TOBG_CPC-1399.fna_28758	5256	5295	39	0.9999999999999978	1.0	0.9999999999999998	1.0	T	C	T	A	1	0	0	22	23
TOBG_CPC-1399.fna_28758	5295	5346	51	1.0000000000000009	1.0	0.9999999999999998	1.0	T	A	C	T	3	0	0	35	38
TOBG_CPC-1399.fna_28758	5295	5349	54	1.000000000000001	1.0	1.0	1.0	T	A	T	A	3	0	0	30	33
TOBG_CPC-1399.fna_28758	5295	5499	204					T	A	T	G	0	0	0	21	21
TOBG_CPC-1399.fna_28758	5346	5349	3	0.999999999999998	1.0	1.0	1.0	C	T	T	A	3	0	0	46	49
TOBG_CPC-1399.fna_28758	5346	5448	102					C	T	G	A	0	9	0	20	29
TOBG_CPC-1399.fna_28758	5346	5499	153					C	T	T	G	0	0	0	29	29
TOBG_CPC-1399.fna_28758	5349	5448	99					T	A	G	A	0	9	0	17	26
TOBG_CPC-1399.fna_28758	5349	5499	150					T	A	T	G	0	0	0	22	22
TOBG_CPC-1399.fna_28758	5448	5499	51					G	A	T	G	0	0	9	33	42
TOBG_CPC-1399.fna_28758	5592	5600	8	0.6315789473684227	1.0	1.0	1.0	A	T	C	A	2	1	0	18	21
TOBG_CPC-1399.fna_28758	5942	5998	56	1.000000000000001	1.0	1.0	1.0	G	A	A	G	2	0	0	20	22
TOBG_CPC-320.fna_MHASMcontig_20471	5510	5558	48	0.999999999999999	1.0000000000000002	1.0	1.0	T	C	G	A	2	0	0	19	21
TOBG_CPC-320.fna_MHASMcontig_20471	5558	5590	32	0.003623188405797	1.0	0.0196078431372549	1.0	G	A	T	C	0	1	2	22	25
TOBG_CPC-320.fna_4097	153	205	52	0.0199999999999997	1.0	0.0588235294117647	1.0	C	A	A	G	0	6	1	14	21
TOBG_CPC-320.fna_4097	205	207	2	0.0115207373271887	1.0	0.0058479532163742	1.0	A	G	A	T	0	2	5	26	33
TOBG_CPC-320.fna_4097	205	239	34	0.01010101010101	0.1515151515151515	0.000215470803706	0.0476190476190476	A	G	C	T	1	5	2	20	28
TOBG_CPC-320.fna_4097	205	245	40	0.0177289377289377	0.1466666666666666	0.0058479532163742	1.0	A	G	T	C	2	5	4	21	32
TOBG_CPC-320.fna_4097	205	263	58	0.1714285714285725	1.0	0.4736842105263156	1.0	A	G	T	C	1	0	4	24	29
TOBG_CPC-320.fna_4097	205	304	99					A	G	G	A	0	0	2	25	27
TOBG_CPC-320.fna_4097	207	239	32	0.2799999999999996	1.0000000000000002	0.4642857142857142	1.0	A	T	C	T	2	4	0	21	27
TOBG_CPC-320.fna_4097	207	245	38	0.0217391304347825	1.0	0.0196078431372549	1.0	A	T	T	C	0	7	2	21	30
TOBG_CPC-320.fna_4097	207	263	56					A	T	T	C	0	0	2	23	25
TOBG_CPC-320.fna_4097	207	304	97					A	T	G	A	0	0	2	21	23
TOBG_CPC-320.fna_4097	239	245	6	0.1358028017241377	0.4896551724137931	0.4726562499999998	0.6874999999999998	C	T	T	C	3	5	2	27	37
TOBG_CPC-320.fna_4097	239	263	24					C	T	T	C	0	0	4	28	32
TOBG_CPC-320.fna_4097	239	304	65					C	T	G	A	0	0	2	29	31
TOBG_CPC-320.fna_4097	245	263	18	0.1013513513513515	1.0			T	C	T	C	1	0	7	30	38
TOBG_CPC-320.fna_4097	245	304	59					T	C	G	A	0	0	6	31	37
TOBG_CPC-320.fna_4097	263	304	41	0.6495726495726484	1.0	1.0	1.0	T	C	G	A	2	0	1	38	41
TOBG_CPC-320.fna_4097	263	361	98	1.0	1.0	0.9999999999999998	1.0	T	C	T	A	2	0	0	23	25
TOBG_CPC-320.fna_4097	263	368	105	0.0545454545454545	1.0	0.0526315789473684	1.0	T	C	T	C	0	9	2	13	24
TOBG_CPC-320.fna_4097	263	372	109	0.0075614366729675	1.0	0.0058479532163742	1.0	T	C	A	C	0	2	2	21	25
TOBG_CPC-320.fna_4097	263	386	123	0.181818181818182	1.0	0.2063492063492063	1.0	T	C	C	T	2	6	0	16	24
TOBG_CPC-320.fna_4097	263	398	135	0.0454545454545458	1.0	0.0476190476190476	1.0	T	C	C	T	0	8	2	14	24
TOBG_CPC-320.fna_4097	304	361	57	0.9999999999999992	1.0			G	A	T	A	2	0	0	31	33
TOBG_CPC-320.fna_4097	304	368	64	0.0541871921182266	1.0			G	A	T	C	0	11	3	18	32
TOBG_CPC-320.fna_4097	304	372	68	0.0060483870967741	1.0			G	A	A	C	0	2	3	29	34
TOBG_CPC-320.fna_4097	304	386	82	0.3111111111111115	1.0000000000000002	0.3333333333333334	1.0	G	A	C	T	4	6	0	21	31
TOBG_CPC-320.fna_4097	304	398	94	0.0559440559440559	1.0	0.1071428571428571	1.0	G	A	C	T	0	8	4	18	30
TOBG_CPC-320.fna_4097	304	404	100	1.0000000000000002	1.0	0.9999999999999998	1.0	G	A	T	C	4	0	0	23	27
TOBG_CPC-320.fna_4097	304	413	109	0.1750000000000001	1.0	0.4117647058823529	1.0	G	A	G	A	2	6	0	14	22
TOBG_CPC-320.fna_4097	304	419	115	0.12	1.0			G	A	A	G	2	8	0	12	22
TOBG_CPC-320.fna_4097	361	368	7	0.0498084291187738	1.0	0.0131578947368421	1.0	T	A	T	C	0	13	2	16	31
TOBG_CPC-320.fna_4097	361	372	11	0.0041623309053071	1.0			T	A	A	C	0	2	2	29	33
TOBG_CPC-320.fna_4097	361	386	25	0.123376623376623	1.0000000000000002	0.1666666666666666	1.0	T	A	C	T	2	9	0	19	30
TOBG_CPC-320.fna_4097	361	404	43	1.0000000000000009	0.9999999999999998	1.0	1.0	T	A	T	C	2	0	0	26	28
TOBG_CPC-320.fna_4097	361	413	52	0.0724637681159424	1.0	0.0643274853801169	1.0	T	A	G	A	1	8	0	15	24
TOBG_CPC-320.fna_4097	361	418	57					T	A	G	A	0	0	2	19	21
TOBG_CPC-320.fna_4097	361	419	58	0.0666666666666668	1.0000000000000002	0.0740740740740741	1.0	T	A	A	G	1	8	0	12	21
TOBG_CPC-320.fna_4097	361	398	37	0.0357142857142858	1.0	0.0756302521008403	1.0	T	A	C	T	0	10	2	18	30
TOBG_CPC-320.fna_4097	368	372	4	0.0992555831265506	1.0000000000000002	0.1228070175438596	1.0000000000000002	T	C	A	C	2	0	11	20	33
TOBG_CPC-320.fna_4097	368	386	18	0.2299043062200959	0.5166666666666666	0.4074074074074074	1.0	T	C	C	T	7	4	3	15	29
TOBG_CPC-320.fna_4097	368	398	30	0.6538461538461539	1.0	0.6190476190476192	1.0	T	C	C	T	10	0	3	17	30
TOBG_CPC-320.fna_4097	368	404	36	0.1269841269841269	1.0	0.2727272727272727	1.0	T	C	T	C	0	4	10	11	25
TOBG_CPC-320.fna_4097	368	413	45	0.3000000000000001	0.5999999999999999	0.1160487863784568	0.3406593406593408	T	C	G	A	8	2	3	9	22
TOBG_CPC-320.fna_4097	368	418	50	0.0789473684210524	1.0			T	C	G	A	0	2	9	10	21
TOBG_CPC-320.fna_4097	372	386	14	0.0435571687840286	1.0	0.1358024691358025	1.0	A	C	C	T	0	12	2	17	31
TOBG_CPC-320.fna_4097	372	398	26	0.0298913043478259	1.0			A	C	C	T	0	11	2	21	34
TOBG_CPC-320.fna_4097	372	404	32	0.0118518518518521	1.0	0.0196078431372549	1.0	A	C	T	C	0	4	2	23	29
TOBG_CPC-320.fna_4097	372	413	41	0.0649350649350652	1.0	0.1666666666666666	1.0	A	C	G	A	0	10	2	12	24
TOBG_CPC-320.fna_4097	372	415	43	0.0047619047619047	1.0	0.002770083102493	1.0	A	C	T	A	0	2	1	19	22
TOBG_CPC-320.fna_4097	372	418	46	0.0100000000000001	1.0	0.0092879256965944	1.0	A	C	G	A	0	2	2	18	22
TOBG_CPC-320.fna_4097	372	419	47	0.0999999999999998	1.0	0.2156862745098039	1.0	A	C	A	G	2	9	0	11	22
TOBG_CPC-320.fna_4097	386	404	18	0.2914285714285714	1.0000000000000002	0.0643274853801169	1.0	C	T	T	C	6	0	8	17	31
TOBG_CPC-320.fna_4097	386	413	27	1.0	1.0	1.0	1.0	C	T	G	A	10	0	0	15	25
TOBG_CPC-320.fna_4097	386	418	32	0.206349206349206	1.0	0.25	1.0	C	T	G	A	4	0	8	13	25
TOBG_CPC-320.fna_4097	386	419	33	0.6933333333333334	1.0	0.5	1.0	C	T	A	G	8	2	0	13	23
TOBG_CPC-320.fna_4097	386	438	52	0.0833333333333332	1.0			C	T	G	C	0	2	10	10	22
TOBG_CPC-320.fna_4097	386	398	12	0.4434782608695652	1.0	0.6190476190476192	1.0	C	T	C	T	9	0	6	17	32
TOBG_CPC-320.fna_4097	398	404	6	0.0834782608695651	1.0	0.0092879256965944	1.0	C	T	T	C	0	6	8	17	31
TOBG_CPC-320.fna_4097	398	413	15	0.6176470588235294	1.0	0.6428571428571428	1.0	C	T	G	A	9	3	0	14	26
TOBG_CPC-320.fna_4097	398	415	17	0.0612244897959187	1.0	0.2045454545454545	1.0	C	T	T	A	0	2	9	12	23
TOBG_CPC-320.fna_4097	398	418	20	0.0740740740740742	1.0	0.0950226244343891	1.0	C	T	G	A	0	4	7	14	25
TOBG_CPC-320.fna_4097	398	419	21	0.375	1.0	0.358974358974359	1.0000000000000002	C	T	A	G	6	5	0	11	22
TOBG_CPC-320.fna_4097	398	438	40	0.052631578947368	1.0	0.0350877192982456	1.0	C	T	G	C	0	2	7	12	21
TOBG_CPC-320.fna_4097	404	413	9	0.181818181818182	1.0000000000000002	0.1111111111111111	1.0	T	C	G	A	3	8	0	16	27
TOBG_CPC-320.fna_4097	404	418	14	0.6060606060606053	1.0	0.7058823529411763	1.0	T	C	G	A	4	0	2	20	26
TOBG_CPC-320.fna_4097	404	419	15	0.1688311688311687	1.0000000000000002	0.0789473684210526	1.0000000000000002	T	C	A	G	3	8	0	13	24
TOBG_CPC-320.fna_4097	404	438	34	0.018181818181818	1.0	0.0588235294117647	1.0	T	C	G	C	0	2	4	18	24
TOBG_CPC-320.fna_4097	404	415	11	0.4523809523809512	1.0			T	C	T	A	2	0	2	19	23
TOBG_CPC-320.fna_4097	413	418	5	0.12	1.0	0.0526315789473684	1.0	G	A	G	A	2	0	8	12	22
TOBG_CPC-320.fna_4097	413	419	6	0.6666666666666666	1.0	0.5384615384615384	1.0	G	A	A	G	7	2	0	12	21
TOBG_CPC-324.fna_21483	3632	3666	34	0.0956937799043058	1.0	0.0789473684210526	1.0	C	T	G	C	0	2	10	9	21
TOBG_CPC-324.fna_21483	3638	3666	28	0.0157894736842104	1.0	0.0058479532163742	1.0	C	T	G	C	0	2	3	17	22
