scaffold	name1	name2	coverage_overlap	compared_bases_count	percent_genome_compared	length	consensus_SNPs	population_SNPs	conANI	popANI
TOBG_MED-1001.fna_MHASMcontig_1034986	ERR599092.OGdb.sorted.bam	ERR599140.OGdb.sorted.bam	0.4056172933475415	5329	0.398877245508982	13360	4	0	0.9992493901294802	1.0
TOBG_MED-828.fna_112862	ERR599092.OGdb.sorted.bam	ERR599140.OGdb.sorted.bam	0.9362520608169994	15333	0.9297798799345096	16491	53	0	0.996543403117459	1.0
TOBG_NAT-154.fna_147731	ERR599092.OGdb.sorted.bam	ERR599140.OGdb.sorted.bam	0.2357966680905596	552	0.0379381443298969	14550	0	0	1.0	1.0
TOBG_MED-713.fna_100520	ERR599092.OGdb.sorted.bam	ERR599140.OGdb.sorted.bam	0.9420527218842616	12079	0.941832358674464	12825	24	0	0.998013080553026	1.0
TOBG_NAT-154.fna_130972	ERR599092.OGdb.sorted.bam	ERR599140.OGdb.sorted.bam	0.7568838146406984	15778	0.7547837734404899	20904	13	0	0.9991760679427052	1.0
TOBG_MED-828.fna_108090	ERR599092.OGdb.sorted.bam	ERR599140.OGdb.sorted.bam	0.9015060453934808	12750	0.8992805755395683	14178	58	0	0.9954509803921568	1.0
TOBG_MED-1001.fna_69095	ERR599092.OGdb.sorted.bam	ERR599140.OGdb.sorted.bam	0.6431750593776819	32225	0.6426748035578955	50142	42	0	0.9986966640806828	1.0
TOBG_MED-828.fna_110767	ERR599092.OGdb.sorted.bam	ERR599140.OGdb.sorted.bam	0.9033214066283568	24994	0.9012692917928746	27732	105	0	0.995798991758022	1.0
TOBG_MED-828.fna_42090	ERR599092.OGdb.sorted.bam	ERR599140.OGdb.sorted.bam	0.8847918494028743	52454	0.8809283890904205	59544	255	1	0.9951385976283982	0.999980935676974
TOBG_MED-828.fna_79480	ERR599092.OGdb.sorted.bam	ERR599140.OGdb.sorted.bam	0.8635466264080827	22308	0.849796198240067	26251	121	1	0.9945759368836292	0.999955173032096
TOBG_NAT-154.fna_MHASMcontig_1204276	ERR599092.OGdb.sorted.bam	ERR599140.OGdb.sorted.bam	0.0	0	0.0	9601	0	0		
TOBG_MED-1001.fna_151416	ERR599092.OGdb.sorted.bam	ERR599140.OGdb.sorted.bam	0.7919505962521295	7438	0.788926601612219	9428	67	0	0.9909922022048938	1.0
TOBG_MED-746.fna_95643	ERR599092.OGdb.sorted.bam	ERR599140.OGdb.sorted.bam	0.8116591928251121	14118	0.8076197013900807	17481	4	0	0.9997166737498228	1.0
TOBG_MED-746.fna_80432	ERR599092.OGdb.sorted.bam	ERR599140.OGdb.sorted.bam	0.6818846716452382	17714	0.6757973447276057	26212	19	0	0.9989274020548718	1.0
TOBG_MED-630.fna_30034	ERR599092.OGdb.sorted.bam	ERR599140.OGdb.sorted.bam	0.956245060932496	22991	0.952363199536059	24141	47	0	0.9979557218041842	1.0
TOBG_MED-746.fna_97581	ERR599092.OGdb.sorted.bam	ERR599140.OGdb.sorted.bam	0.9367329784253292	16716	0.9218043454284768	18134	2	0	0.999880354151711	1.0
TOBG_MED-828.fna_113057	ERR599092.OGdb.sorted.bam	ERR599140.OGdb.sorted.bam	0.6649891454509572	6739	0.6605567535777298	10202	65	0	0.9903546520255232	1.0
TOBG_MED-630.fna_6813	ERR599092.OGdb.sorted.bam	ERR599140.OGdb.sorted.bam	0.9851772991564982	12030	0.9839685915262556	12226	14	0	0.998836242726517	1.0
TOBG_NAT-154.fna_127066	ERR599092.OGdb.sorted.bam	ERR599140.OGdb.sorted.bam	0.7392203389830508	43614	0.7373831301672105	59147	67	0	0.998463796028798	1.0
TOBG_MED-1001.fna_62406	ERR599092.OGdb.sorted.bam	ERR599140.OGdb.sorted.bam	0.6589687726942629	9074	0.6549260194875496	13855	21	0	0.9976856953934318	1.0
TOBG_MED-630.fna_10986	ERR599092.OGdb.sorted.bam	ERR599140.OGdb.sorted.bam	0.9897004677082296	39782	0.9873914122611068	40290	87	0	0.9978130812930472	1.0
TOBG_NAT-154.fna_130059	ERR599092.OGdb.sorted.bam	ERR599140.OGdb.sorted.bam	0.8622452159820483	13833	0.8189083589865025	16892	11	0	0.9992048001156656	1.0
TOBG_MED-630.fna_25050	ERR599092.OGdb.sorted.bam	ERR599140.OGdb.sorted.bam	0.972592683225254	15898	0.9725331865174038	16347	9	0	0.9994338910554786	1.0
TOBG_MED-731.fna_88098	ERR599092.OGdb.sorted.bam	ERR599140.OGdb.sorted.bam	0.8447079000381118	62059	0.8412498305544259	73770	87	0	0.9985981082518248	1.0
TOBG_MED-828.fna_43594	ERR599092.OGdb.sorted.bam	ERR599140.OGdb.sorted.bam	0.842887029288703	48348	0.8410249273748848	57487	268	0	0.9944568544717464	1.0
TOBG_MED-828.fna_99144	ERR599092.OGdb.sorted.bam	ERR599140.OGdb.sorted.bam	0.8558944540786834	25171	0.8541228367831694	29470	150	0	0.9940407611934368	1.0
TOBG_MED-746.fna_98094	ERR599092.OGdb.sorted.bam	ERR599140.OGdb.sorted.bam	0.910644802668149	13106	0.9016235553109522	14536	42	0	0.996795360903403	1.0
TOBG_MED-746.fna_151036	ERR599092.OGdb.sorted.bam	ERR599140.OGdb.sorted.bam	0.7663012586276898	9437	0.7065209253574904	13357	14	0	0.9985164776941824	1.0
TOBG_MED-746.fna_97912	ERR599092.OGdb.sorted.bam	ERR599140.OGdb.sorted.bam	0.9237437790977684	23016	0.919059218144791	25043	14	0	0.9993917274939172	1.0
TOBG_MED-630.fna_27893	ERR599092.OGdb.sorted.bam	ERR599140.OGdb.sorted.bam	0.9949600161279484	14806	0.9948263118994828	14883	44	0	0.9970282317979198	1.0
TOBG_MED-828.fna_108795	ERR599092.OGdb.sorted.bam	ERR599140.OGdb.sorted.bam	0.936736894250663	32146	0.9364640079237918	34327	178	0	0.9944627636408884	1.0
TOBG_NAT-154.fna_131664	ERR599092.OGdb.sorted.bam	ERR599140.OGdb.sorted.bam	0.7452186556313611	6663	0.717686342093925	9284	12	0	0.9981990094552003	1.0
TOBG_NAT-154.fna_125703	ERR599092.OGdb.sorted.bam	ERR599140.OGdb.sorted.bam	0.6693497968115036	8565	0.6514298752662002	13148	20	0	0.9976649153531816	1.0
TOBG_MED-828.fna_110192	ERR599092.OGdb.sorted.bam	ERR599140.OGdb.sorted.bam	0.8789324247586598	23217	0.8731477999247838	26590	140	0	0.9939699358228884	1.0
TOBG_NAT-154.fna_130201	ERR599092.OGdb.sorted.bam	ERR599140.OGdb.sorted.bam	0.741540404040404	5873	0.6825101685066821	8605	24	0	0.9959135024689256	1.0
TOBG_MED-630.fna_3094	ERR599092.OGdb.sorted.bam	ERR599140.OGdb.sorted.bam	0.9924355753761044	35161	0.9740968528368794	36096	99	0	0.9971843804214896	1.0
TOBG_MED-828.fna_108917	ERR599092.OGdb.sorted.bam	ERR599140.OGdb.sorted.bam	0.9124268177525968	48313	0.9114972454909064	53004	181	0	0.9962535963405296	1.0
TOBG_MED-713.fna_56169	ERR599092.OGdb.sorted.bam	ERR599140.OGdb.sorted.bam	0.988935432004739	186980	0.97854301863094	191080	4	0	0.9999786073376832	1.0
TOBG_MED-828.fna_37174	ERR599092.OGdb.sorted.bam	ERR599140.OGdb.sorted.bam	0.8501710376282782	7456	0.8431527762071696	8843	53	0	0.9928916309012876	1.0
TOBG_NAT-154.fna_127797	ERR599092.OGdb.sorted.bam	ERR599140.OGdb.sorted.bam	0.8956944539894165	52133	0.8802532714225412	59225	87	0	0.998331191375904	1.0
TOBG_MED-731.fna_114327	ERR599092.OGdb.sorted.bam	ERR599140.OGdb.sorted.bam	0.8850108047933992	27030	0.8833333333333333	30600	47	0	0.9982611912689604	1.0
TOBG_MED-746.fna_86225	ERR599092.OGdb.sorted.bam	ERR599140.OGdb.sorted.bam	0.9783765984303824	17827	0.9769289785181938	18248	5	0	0.9997195265608348	1.0
TOBG_NAT-154.fna_MHASMcontig_46239	ERR599092.OGdb.sorted.bam	ERR599140.OGdb.sorted.bam	0.0	0	0.0	11771	0	0		
TOBG_MED-828.fna_111127	ERR599092.OGdb.sorted.bam	ERR599140.OGdb.sorted.bam	0.9107351922203905	38117	0.9099524934947122	41889	222	0	0.9941758270587928	1.0
TOBG_MED-630.fna_1972	ERR599092.OGdb.sorted.bam	ERR599140.OGdb.sorted.bam	0.9883241359279696	17014	0.987062713929338	17237	34	0	0.9980016457035382	1.0
TOBG_MED-828.fna_112703	ERR599092.OGdb.sorted.bam	ERR599140.OGdb.sorted.bam	0.934915106660862	12885	0.93410178338408	13794	84	0	0.9934807916181606	1.0
TOBG_MED-630.fna_32521	ERR599092.OGdb.sorted.bam	ERR599140.OGdb.sorted.bam	0.9723154856570656	16507	0.9668482399109706	17073	23	0	0.9986066517235112	1.0
TOBG_MED-630.fna_2397	ERR599092.OGdb.sorted.bam	ERR599140.OGdb.sorted.bam	0.993454492266062	27168	0.9912796001021636	27407	51	0	0.9981227915194346	1.0
TOBG_MED-1001.fna_49582	ERR599092.OGdb.sorted.bam	ERR599140.OGdb.sorted.bam	0.8324089341927747	11106	0.8309142600628461	13366	59	0	0.9946875562758868	1.0
TOBG_MED-746.fna_9871	ERR599092.OGdb.sorted.bam	ERR599140.OGdb.sorted.bam	0.9167959811683016	69715	0.9046024887435608	77067	45	0	0.999354514810299	1.0
TOBG_MED-828.fna_110744	ERR599092.OGdb.sorted.bam	ERR599140.OGdb.sorted.bam	0.7955301543973385	9326	0.7901381004829281	11803	85	0	0.9908856959039244	1.0
TOBG_MED-630.fna_6506	ERR599092.OGdb.sorted.bam	ERR599140.OGdb.sorted.bam	0.98798781316101	50912	0.9877386310724816	51544	102	0	0.9979965430546826	1.0
TOBG_MED-1001.fna_55387	ERR599092.OGdb.sorted.bam	ERR599140.OGdb.sorted.bam	0.4632219325274551	5863	0.4602763385146804	12738	9	0	0.998464949684462	1.0
TOBG_MED-1001.fna_36724	ERR599092.OGdb.sorted.bam	ERR599140.OGdb.sorted.bam	0.6434516631863769	21878	0.6381030158082016	34286	69	0	0.9968461468141512	1.0
TOBG_MED-1001.fna_44078	ERR599092.OGdb.sorted.bam	ERR599140.OGdb.sorted.bam	0.5319378205256121	26657	0.5288877425498988	50402	87	0	0.9967363169148816	1.0
TOBG_MED-630.fna_116189	ERR599092.OGdb.sorted.bam	ERR599140.OGdb.sorted.bam	0.9565591397849462	8896	0.9539946380697052	9325	26	0	0.9970773381294964	1.0
TOBG_MED-746.fna_85689	ERR599092.OGdb.sorted.bam	ERR599140.OGdb.sorted.bam	0.8382845913767194	7252	0.83635105524161	8671	22	0	0.9969663541092112	1.0
TOBG_MED-1001.fna_43192	ERR599092.OGdb.sorted.bam	ERR599140.OGdb.sorted.bam	0.4069248050746663	15396	0.4040944881889763	38100	39	0	0.9974668745128604	1.0
TOBG_NAT-154.fna_MHASMcontig_1190548	ERR599092.OGdb.sorted.bam	ERR599140.OGdb.sorted.bam	0.330636781950423	4455	0.3040333037603221	14653	1	0	0.9997755331088664	1.0
TOBG_MED-746.fna_84072	ERR599092.OGdb.sorted.bam	ERR599140.OGdb.sorted.bam	0.9568602560033852	45226	0.9568197685488818	47267	13	0	0.999712554725158	1.0
TOBG_MED-828.fna_92319	ERR599092.OGdb.sorted.bam	ERR599140.OGdb.sorted.bam	0.8246545620646341	14443	0.821324992891669	17585	54	0	0.9962611645779964	1.0
TOBG_MED-630.fna_29993	ERR599092.OGdb.sorted.bam	ERR599140.OGdb.sorted.bam	0.9853528237642364	33569	0.982210258360886	34177	77	0	0.9977062170454885	1.0
TOBG_MED-731.fna_86098	ERR599092.OGdb.sorted.bam	ERR599140.OGdb.sorted.bam	0.366504340461571	3462	0.364306008628854	9503	3	0	0.9991334488734837	1.0
TOBG_MED-828.fna_109926	ERR599092.OGdb.sorted.bam	ERR599140.OGdb.sorted.bam	0.8986951031289463	12810	0.8964310706787963	14290	89	0	0.9930523028883684	1.0
TOBG_NAT-154.fna_MHASMcontig_1465020	ERR599092.OGdb.sorted.bam	ERR599140.OGdb.sorted.bam	0.0102853351028533	93	0.0092537313432835	10050	0	0	1.0	1.0
TOBG_MED-630.fna_11255	ERR599092.OGdb.sorted.bam	ERR599140.OGdb.sorted.bam	0.959702198061924	8121	0.9545133991537376	8508	14	0	0.9982760743750768	1.0
TOBG_MED-1001.fna_52017	ERR599092.OGdb.sorted.bam	ERR599140.OGdb.sorted.bam	0.4134177869700103	15991	0.4068128625216241	39308	39	0	0.9975611281345756	1.0
TOBG_NAT-154.fna_128636	ERR599092.OGdb.sorted.bam	ERR599140.OGdb.sorted.bam	0.6483889865260691	5534	0.5371772471364784	10302	2	0	0.999638597759306	1.0
TOBG_NAT-154.fna_129999	ERR599092.OGdb.sorted.bam	ERR599140.OGdb.sorted.bam	0.7335480257630915	10478	0.7094590019635724	14769	24	0	0.9977094865432334	1.0
TOBG_MED-746.fna_93559	ERR599092.OGdb.sorted.bam	ERR599140.OGdb.sorted.bam	0.899917149958575	21724	0.8964635001856972	24233	44	0	0.9979745903148592	1.0
TOBG_MED-828.fna_108921	ERR599092.OGdb.sorted.bam	ERR599140.OGdb.sorted.bam	0.7533555582706439	43162	0.7382536560335243	58465	185	0	0.9957138223437284	1.0
TOBG_MED-630.fna_28637	ERR599092.OGdb.sorted.bam	ERR599140.OGdb.sorted.bam	0.884588318085855	7542	0.8774869109947644	8595	26	0	0.9965526385574118	1.0
TOBG_MED-828.fna_109712	ERR599092.OGdb.sorted.bam	ERR599140.OGdb.sorted.bam	0.8768823033369474	14558	0.8765655105973025	16608	75	0	0.994848193433164	1.0
TOBG_MED-828.fna_112718	ERR599092.OGdb.sorted.bam	ERR599140.OGdb.sorted.bam	0.7619161676646706	9543	0.7581029551954243	12588	37	0	0.9961228125327464	1.0
TOBG_NAT-154.fna_128724	ERR599092.OGdb.sorted.bam	ERR599140.OGdb.sorted.bam	0.6690619077700568	8473	0.6586598258706468	12864	12	0	0.998583736575003	1.0
TOBG_MED-630.fna_34262	ERR599092.OGdb.sorted.bam	ERR599140.OGdb.sorted.bam	0.988370740783812	8499	0.9779081808767692	8691	4	0	0.99952935639487	1.0
TOBG_NAT-154.fna_132931	ERR599092.OGdb.sorted.bam	ERR599140.OGdb.sorted.bam	0.0	0	0.0	12359	0	0		
TOBG_NAT-154.fna_29375	ERR599092.OGdb.sorted.bam	ERR599140.OGdb.sorted.bam	0.6724371675878611	6448	0.6572884811416921	9810	26	0	0.995967741935484	1.0
TOBG_MED-1001.fna_44967	ERR599092.OGdb.sorted.bam	ERR599140.OGdb.sorted.bam	0.6210986267166042	13930	0.6159900946316441	22614	74	0	0.9946877243359656	1.0
TOBG_MED-828.fna_82187	ERR599092.OGdb.sorted.bam	ERR599140.OGdb.sorted.bam	0.8867059426229508	34617	0.8819842543759077	39249	156	0	0.9954935436346304	1.0
TOBG_MED-828.fna_111666	ERR599092.OGdb.sorted.bam	ERR599140.OGdb.sorted.bam	0.7168981888517671	20385	0.7088215862860322	28759	50	0	0.9975472160902624	1.0
TOBG_MED-713.fna_46436	ERR599092.OGdb.sorted.bam	ERR599140.OGdb.sorted.bam	0.9929249787668089	244336	0.991289460125039	246483	17	0	0.9999304236788684	1.0
TOBG_MED-828.fna_111097	ERR599092.OGdb.sorted.bam	ERR599140.OGdb.sorted.bam	0.8932914627012715	29015	0.8918088212694022	32535	118	0	0.9959331380320524	1.0
TOBG_MED-731.fna_93289	ERR599092.OGdb.sorted.bam	ERR599140.OGdb.sorted.bam	0.8828706908129216	85461	0.878162313241127	97318	116	0	0.9986426557143024	1.0
TOBG_NAT-154.fna_130910	ERR599092.OGdb.sorted.bam	ERR599140.OGdb.sorted.bam	0.8212348930895569	21201	0.8164907956558577	25966	46	0	0.9978302910240084	1.0
TOBG_MED-746.fna_92339	ERR599092.OGdb.sorted.bam	ERR599140.OGdb.sorted.bam	0.6084204012661542	25564	0.6034083935231082	42366	13	0	0.9994914723830386	1.0
TOBG_NAT-154.fna_129546	ERR599092.OGdb.sorted.bam	ERR599140.OGdb.sorted.bam	0.7791149787076467	12624	0.7443396226415094	16960	17	0	0.9986533586818758	1.0
TOBG_MED-630.fna_116266	ERR599092.OGdb.sorted.bam	ERR599140.OGdb.sorted.bam	0.9852152861836416	11395	0.980974517906336	11616	20	0	0.9982448442299254	1.0
TOBG_MED-713.fna_80801	ERR599092.OGdb.sorted.bam	ERR599140.OGdb.sorted.bam	0.9994365786589452	356548	0.999248912604816	356816	39	0	0.9998906178130292	1.0
TOBG_MED-828.fna_112875	ERR599092.OGdb.sorted.bam	ERR599140.OGdb.sorted.bam	0.6453921511116325	11002	0.644296088076833	17076	74	0	0.9932739501908744	1.0
TOBG_MED-1001.fna_62859	ERR599092.OGdb.sorted.bam	ERR599140.OGdb.sorted.bam	0.4865830636461704	36085	0.484453454340413	74486	58	0	0.9983926839406956	1.0
TOBG_MED-828.fna_82651	ERR599092.OGdb.sorted.bam	ERR599140.OGdb.sorted.bam	0.8902035495838765	35512	0.8869130869130869	40040	187	0	0.9947341743635956	1.0
TOBG_NAT-154.fna_MHASMcontig_1151287	ERR599092.OGdb.sorted.bam	ERR599140.OGdb.sorted.bam	0.8225049668174325	19458	0.8219837783034809	23672	17	0	0.9991263233631412	1.0
TOBG_MED-713.fna_102600	ERR599092.OGdb.sorted.bam	ERR599140.OGdb.sorted.bam	0.9884623135832326	58857	0.9879977170482778	59572	1	0	0.9999830096674992	1.0
TOBG_MED-1001.fna_MHASMcontig_1054436	ERR599092.OGdb.sorted.bam	ERR599140.OGdb.sorted.bam	0.3477031280739721	14139	0.3424813487065207	41284	4	0	0.9997170945611428	1.0
TOBG_MED-828.fna_124970	ERR599092.OGdb.sorted.bam	ERR599140.OGdb.sorted.bam	0.9395234932757762	22635	0.939016801493466	24105	61	0	0.9973050585376628	1.0
TOBG_MED-630.fna_9994	ERR599092.OGdb.sorted.bam	ERR599140.OGdb.sorted.bam	0.8621481906950029	10507	0.8610177825124969	12203	60	0	0.9942895212715332	1.0
TOBG_MED-828.fna_109446	ERR599092.OGdb.sorted.bam	ERR599140.OGdb.sorted.bam	0.9344434141031328	23177	0.9337657628620926	24821	151	0	0.9934849203952194	1.0
TOBG_MED-828.fna_50142	ERR599092.OGdb.sorted.bam	ERR599140.OGdb.sorted.bam	0.8591810355339853	35229	0.8582182269970036	41049	135	0	0.9961679298305374	1.0
TOBG_NAT-154.fna_MHASMcontig_1411033	ERR599092.OGdb.sorted.bam	ERR599140.OGdb.sorted.bam	0.4451507742461287	5462	0.4166920964296612	13108	14	0	0.997436836323691	1.0
TOBG_NAT-154.fna_133297	ERR599092.OGdb.sorted.bam	ERR599140.OGdb.sorted.bam	0.7385974914481186	10364	0.726839189283961	14259	18	0	0.9982632188344268	1.0
TOBG_NAT-154.fna_127506	ERR599092.OGdb.sorted.bam	ERR599140.OGdb.sorted.bam	0.7343515973468078	44617	0.7295366100918931	61158	64	0	0.9985655691776676	1.0
TOBG_NAT-154.fna_28084	ERR599092.OGdb.sorted.bam	ERR599140.OGdb.sorted.bam	0.8337192634248539	7561	0.829967069154775	9110	4	0	0.9994709694484856	1.0
TOBG_MED-828.fna_50216	ERR599092.OGdb.sorted.bam	ERR599140.OGdb.sorted.bam	0.8925736381212328	39242	0.8852044844465499	44331	124	0	0.9968401202792926	1.0
TOBG_MED-828.fna_47135	ERR599092.OGdb.sorted.bam	ERR599140.OGdb.sorted.bam	0.950578081745644	35025	0.9482618583495775	36936	154	0	0.9956031406138472	1.0
TOBG_NAT-154.fna_126306	ERR599092.OGdb.sorted.bam	ERR599140.OGdb.sorted.bam	0.7766129503692589	39855	0.7763557737260403	51336	62	0	0.9984443608079288	1.0
TOBG_MED-1001.fna_52458	ERR599092.OGdb.sorted.bam	ERR599140.OGdb.sorted.bam	0.4213894324853229	21533	0.4074284308716959	52851	57	0	0.9973529001996936	1.0
TOBG_MED-828.fna_39475	ERR599092.OGdb.sorted.bam	ERR599140.OGdb.sorted.bam	0.9070402440224344	36873	0.9060818282344268	40695	220	0	0.9940335747023568	1.0
TOBG_NAT-154.fna_131027	ERR599092.OGdb.sorted.bam	ERR599140.OGdb.sorted.bam	0.8296691414978735	11510	0.7287116176005065	15795	1	0	0.9999131190269333	1.0
TOBG_MED-828.fna_36321	ERR599092.OGdb.sorted.bam	ERR599140.OGdb.sorted.bam	0.8671083087237609	10864	0.8615384615384616	12610	44	0	0.9959499263622976	1.0
TOBG_MED-731.fna_104061	ERR599092.OGdb.sorted.bam	ERR599140.OGdb.sorted.bam	0.8936686009026434	69304	0.8934036327072564	77573	50	0	0.999278540921159	1.0
TOBG_MED-746.fna_82290	ERR599092.OGdb.sorted.bam	ERR599140.OGdb.sorted.bam	0.926194099687119	97983	0.921152580614835	106370	29	0	0.9997040302909688	1.0
TOBG_MED-828.fna_43598	ERR599092.OGdb.sorted.bam	ERR599140.OGdb.sorted.bam	0.7810662485299883	15940	0.771613902604318	20658	101	0	0.99366373902133	1.0
TOBG_NAT-154.fna_128424	ERR599092.OGdb.sorted.bam	ERR599140.OGdb.sorted.bam	0.0	0	0.0	14389	0	0		
TOBG_NAT-154.fna_129571	ERR599092.OGdb.sorted.bam	ERR599140.OGdb.sorted.bam	0.7974058257377781	25021	0.7963399108847867	31420	46	0	0.9981615443027856	1.0
TOBG_MED-746.fna_105490	ERR599092.OGdb.sorted.bam	ERR599140.OGdb.sorted.bam	0.9610757663389242	16617	0.961020183910705	17291	13	0	0.9992176686525848	1.0
TOBG_MED-828.fna_48796	ERR599092.OGdb.sorted.bam	ERR599140.OGdb.sorted.bam	0.7279265703130351	10627	0.7169747672378897	14822	70	0	0.9934130046108968	1.0
TOBG_NAT-154.fna_126006	ERR599092.OGdb.sorted.bam	ERR599140.OGdb.sorted.bam	0.8202387829770845	8519	0.8199230028873917	10390	12	0	0.9985913839652542	1.0
TOBG_MED-1001.fna_63886	ERR599092.OGdb.sorted.bam	ERR599140.OGdb.sorted.bam	0.5876479616137739	33312	0.5807936397238301	57356	17	0	0.9994896733909702	1.0
TOBG_MED-630.fna_25982	ERR599092.OGdb.sorted.bam	ERR599140.OGdb.sorted.bam	0.9771157932011332	22075	0.9763810871776726	22609	52	0	0.9976443941109852	1.0
TOBG_MED-1001.fna_39519	ERR599092.OGdb.sorted.bam	ERR599140.OGdb.sorted.bam	0.5927966723758258	60569	0.5926864590876176	102194	248	0	0.9959054962109328	1.0
TOBG_MED-828.fna_109241	ERR599092.OGdb.sorted.bam	ERR599140.OGdb.sorted.bam	0.8869628958885799	41140	0.8849785961666703	46487	141	0	0.9965726786582402	1.0
TOBG_MED-713.fna_83511	ERR599092.OGdb.sorted.bam	ERR599140.OGdb.sorted.bam	0.9244799898843016	29245	0.9244215450752308	31636	4	0	0.9998632244828176	1.0
TOBG_MED-731.fna_108382	ERR599092.OGdb.sorted.bam	ERR599140.OGdb.sorted.bam	0.8235865988632964	11013	0.8143300798580302	13524	66	0	0.9940070825388178	1.0
TOBG_MED-828.fna_113415	ERR599092.OGdb.sorted.bam	ERR599140.OGdb.sorted.bam	0.7351010996807379	8289	0.73328025477707	11304	92	0	0.9889009530703342	1.0
TOBG_MED-746.fna_82220	ERR599092.OGdb.sorted.bam	ERR599140.OGdb.sorted.bam	0.8635122037183893	9800	0.8393285371702638	11676	48	0	0.9951020408163266	1.0
TOBG_MED-630.fna_10716	ERR599092.OGdb.sorted.bam	ERR599140.OGdb.sorted.bam	0.9747010790317876	40107	0.9733291268261904	41206	110	0	0.9972573366245294	1.0
TOBG_NAT-154.fna_MHASMcontig_1186370	ERR599092.OGdb.sorted.bam	ERR599140.OGdb.sorted.bam	0.5556915544675642	10442	0.5382751688231352	19399	11	0	0.99894656196131	1.0
TOBG_NAT-154.fna_127880	ERR599092.OGdb.sorted.bam	ERR599140.OGdb.sorted.bam	0.7141033496732027	27970	0.7051023495008572	39668	34	0	0.9987844118698606	1.0
TOBG_MED-828.fna_109640	ERR599092.OGdb.sorted.bam	ERR599140.OGdb.sorted.bam	0.914743434483236	26437	0.9131636212911473	28951	131	0	0.995044823542762	1.0
TOBG_MED-630.fna_3724	ERR599092.OGdb.sorted.bam	ERR599140.OGdb.sorted.bam	0.9698299506308284	17680	0.9696703778862502	18233	46	0	0.9973981900452488	1.0
TOBG_MED-630.fna_27484	ERR599092.OGdb.sorted.bam	ERR599140.OGdb.sorted.bam	0.9856958021851638	27426	0.9794650191064604	28001	54	0	0.9980310654123824	1.0
TOBG_NAT-154.fna_MHASMcontig_1158878	ERR599092.OGdb.sorted.bam	ERR599140.OGdb.sorted.bam	0.7061324264002551	6644	0.7046346378194931	9429	3	0	0.9995484647802528	1.0
TOBG_MED-1001.fna_46975	ERR599092.OGdb.sorted.bam	ERR599140.OGdb.sorted.bam	0.5016315452410722	16449	0.5005325137692846	32863	23	0	0.9986017387075202	1.0
TOBG_MED-746.fna_89418	ERR599092.OGdb.sorted.bam	ERR599140.OGdb.sorted.bam	0.9799730997744194	92532	0.9798797017960014	94432	28	0	0.9996974019798556	1.0
TOBG_MED-630.fna_31003	ERR599092.OGdb.sorted.bam	ERR599140.OGdb.sorted.bam	0.9800145348837208	10788	0.9683152320258503	11141	11	0	0.9989803485354096	1.0
TOBG_MED-1001.fna_43015	ERR599092.OGdb.sorted.bam	ERR599140.OGdb.sorted.bam	0.5501729343947296	50107	0.54280050264321	92312	214	0	0.995729139641168	1.0
TOBG_NAT-154.fna_126213	ERR599092.OGdb.sorted.bam	ERR599140.OGdb.sorted.bam	0.0	0	0.0	14504	0	0		
TOBG_MED-828.fna_109967	ERR599092.OGdb.sorted.bam	ERR599140.OGdb.sorted.bam	0.8025961499819154	19971	0.8002163721601154	24957	112	0	0.9943918682089028	1.0
TOBG_MED-828.fna_152618	ERR599092.OGdb.sorted.bam	ERR599140.OGdb.sorted.bam	0.8189627052299663	7532	0.8131274964914175	9263	43	0	0.99429102496017	1.0
TOBG_MED-828.fna_112185	ERR599092.OGdb.sorted.bam	ERR599140.OGdb.sorted.bam	0.9390338467987006	44806	0.9389551331754648	47719	143	0	0.9968084631522564	1.0
TOBG_MED-630.fna_9619	ERR599092.OGdb.sorted.bam	ERR599140.OGdb.sorted.bam	0.9799626755721442	9977	0.9777538220305764	10204	20	0	0.99799538939561	1.0
TOBG_MED-1001.fna_46600	ERR599092.OGdb.sorted.bam	ERR599140.OGdb.sorted.bam	0.5621496466000487	4613	0.5609874741578499	8223	19	0	0.9958812052893996	1.0
TOBG_MED-1001.fna_13088	ERR599092.OGdb.sorted.bam	ERR599140.OGdb.sorted.bam	0.6505835639513897	21628	0.647389846743295	33408	48	0	0.9977806547068616	1.0
TOBG_MED-630.fna_10692	ERR599092.OGdb.sorted.bam	ERR599140.OGdb.sorted.bam	0.9828666945257	11760	0.9727851766068326	12089	19	0	0.9983843537414966	1.0
TOBG_MED-828.fna_38878	ERR599092.OGdb.sorted.bam	ERR599140.OGdb.sorted.bam	0.9357642168902324	39624	0.9353886829867096	42361	92	0	0.9976781748435292	1.0
TOBG_MED-746.fna_83859	ERR599092.OGdb.sorted.bam	ERR599140.OGdb.sorted.bam	0.6098465738789803	20550	0.59653400679265	34449	38	0	0.9981508515815084	1.0
TOBG_MED-828.fna_53501	ERR599092.OGdb.sorted.bam	ERR599140.OGdb.sorted.bam	0.749055443282664	8525	0.739247311827957	11532	37	0	0.9956598240469208	1.0
TOBG_MED-630.fna_114172	ERR599092.OGdb.sorted.bam	ERR599140.OGdb.sorted.bam	0.9876218643882134	18032	0.9873514756611728	18263	38	0	0.9978926353149956	1.0
TOBG_MED-731.fna_MHASMcontig_1035938	ERR599092.OGdb.sorted.bam	ERR599140.OGdb.sorted.bam	0.4723114480277527	3676	0.4562492242770262	8057	3	0	0.999183895538629	1.0
TOBG_MED-746.fna_84621	ERR599092.OGdb.sorted.bam	ERR599140.OGdb.sorted.bam	0.9566498316498316	22730	0.9280960352782656	24491	16	0	0.9992960844698636	1.0
TOBG_NAT-154.fna_126146	ERR599092.OGdb.sorted.bam	ERR599140.OGdb.sorted.bam	0.8627122481322165	19053	0.8620096819436276	22103	35	0	0.9981630189471474	1.0
TOBG_MED-630.fna_33651	ERR599092.OGdb.sorted.bam	ERR599140.OGdb.sorted.bam	0.9521101671690876	13897	0.9503521849141764	14623	25	0	0.9982010505864576	1.0
TOBG_MED-731.fna_85236	ERR599092.OGdb.sorted.bam	ERR599140.OGdb.sorted.bam	0.8407786603002617	91565	0.8401537812196062	108986	104	0	0.9988641948342708	1.0
TOBG_MED-731.fna_103766	ERR599092.OGdb.sorted.bam	ERR599140.OGdb.sorted.bam	0.937567494600432	55564	0.9368877198307114	59307	124	0	0.9977683392124396	1.0
TOBG_MED-630.fna_7043	ERR599092.OGdb.sorted.bam	ERR599140.OGdb.sorted.bam	0.996806064219402	46814	0.9964029542600517	46983	101	0	0.9978425257401632	1.0
TOBG_MED-828.fna_108303	ERR599092.OGdb.sorted.bam	ERR599140.OGdb.sorted.bam	0.7067453059091419	18933	0.6920714990678802	27357	29	0	0.9984682828923044	1.0
TOBG_MED-1001.fna_42474	ERR599092.OGdb.sorted.bam	ERR599140.OGdb.sorted.bam	0.5155587416920815	84862	0.5100063704220104	166394	134	0	0.9984209658033042	1.0
TOBG_MED-630.fna_3239	ERR599092.OGdb.sorted.bam	ERR599140.OGdb.sorted.bam	0.9703573078053492	23111	0.9677973199329984	23880	54	0	0.9976634503050495	1.0
TOBG_MED-828.fna_111290	ERR599092.OGdb.sorted.bam	ERR599140.OGdb.sorted.bam	0.8583385975994946	10870	0.8541568442558541	12726	63	0	0.9942042318307268	1.0
TOBG_MED-828.fna_109612	ERR599092.OGdb.sorted.bam	ERR599140.OGdb.sorted.bam	0.9524660080924434	26129	0.9519108164231848	27449	61	0	0.9976654292165792	1.0
TOBG_NAT-154.fna_127102	ERR599092.OGdb.sorted.bam	ERR599140.OGdb.sorted.bam	0.013595874355368	29	0.0030710579265064	9443	0	0	1.0	1.0
TOBG_MED-731.fna_86135	ERR599092.OGdb.sorted.bam	ERR599140.OGdb.sorted.bam	0.927717138875987	63916	0.9276767442198	68899	87	0	0.9986388384754992	1.0
TOBG_MED-828.fna_109998	ERR599092.OGdb.sorted.bam	ERR599140.OGdb.sorted.bam	0.7853791598472449	7198	0.771737965047711	9327	34	0	0.9952764656849123	1.0
TOBG_MED-746.fna_81502	ERR599092.OGdb.sorted.bam	ERR599140.OGdb.sorted.bam	0.8136038854332769	66840	0.8053594235727884	82994	27	0	0.9995960502693	1.0
TOBG_MED-630.fna_12392	ERR599092.OGdb.sorted.bam	ERR599140.OGdb.sorted.bam	0.9975899344320396	28147	0.9974838755404352	28218	59	0	0.99790386186805	1.0
TOBG_MED-630.fna_29253	ERR599092.OGdb.sorted.bam	ERR599140.OGdb.sorted.bam	0.987249243388956	59696	0.986303180503924	60525	105	0	0.9982410881801126	1.0
TOBG_MED-630.fna_32184	ERR599092.OGdb.sorted.bam	ERR599140.OGdb.sorted.bam	0.9862271486475308	23845	0.9827721221613156	24263	95	0	0.99601593625498	1.0
TOBG_NAT-154.fna_130530	ERR599092.OGdb.sorted.bam	ERR599140.OGdb.sorted.bam	0.8010501193317422	16782	0.8008972033979193	20954	25	0	0.9985103086640448	1.0
TOBG_MED-746.fna_86023	ERR599092.OGdb.sorted.bam	ERR599140.OGdb.sorted.bam	0.9361702127659576	9724	0.93446088794926	10406	6	0	0.9993829699712052	1.0
TOBG_MED-630.fna_29484	ERR599092.OGdb.sorted.bam	ERR599140.OGdb.sorted.bam	0.9839209225700164	14931	0.9817859021567596	15208	33	0	0.9977898332328712	1.0
TOBG_NAT-154.fna_130845	ERR599092.OGdb.sorted.bam	ERR599140.OGdb.sorted.bam	0.7924369747899159	12259	0.7725611293168642	15868	15	0	0.998776409168774	1.0
TOBG_MED-1001.fna_55509	ERR599092.OGdb.sorted.bam	ERR599140.OGdb.sorted.bam	0.5380982121945507	13785	0.5341987986824259	25805	102	0	0.9926006528835692	1.0
TOBG_NAT-154.fna_20981	ERR599092.OGdb.sorted.bam	ERR599140.OGdb.sorted.bam	0.8910288165287259	73746	0.8889987221833787	82954	72	0	0.9990236758603857	1.0
TOBG_MED-1001.fna_37416	ERR599092.OGdb.sorted.bam	ERR599140.OGdb.sorted.bam	0.6104611149346181	14192	0.6095696246026974	23282	61	0	0.9957018038331454	1.0
TOBG_MED-630.fna_2425	ERR599092.OGdb.sorted.bam	ERR599140.OGdb.sorted.bam	0.9962017434620174	15999	0.996139717327688	16061	30	0	0.9981248828051752	1.0
TOBG_MED-630.fna_24983	ERR599092.OGdb.sorted.bam	ERR599140.OGdb.sorted.bam	0.9805391743892166	23278	0.9736897143096164	23907	33	0	0.9985823524357764	1.0
TOBG_MED-746.fna_79391	ERR599092.OGdb.sorted.bam	ERR599140.OGdb.sorted.bam	0.9312658833471068	149877	0.9310518338137362	160976	36	0	0.9997598030384915	1.0
TOBG_MED-746.fna_MHASMcontig_1007788	ERR599092.OGdb.sorted.bam	ERR599140.OGdb.sorted.bam	0.492920206563385	5918	0.4746931900216571	12467	2	0	0.9996620479891856	1.0
TOBG_MED-828.fna_42098	ERR599092.OGdb.sorted.bam	ERR599140.OGdb.sorted.bam	0.8587053350489954	34702	0.8549817680102494	40588	192	0	0.9944671776842832	1.0
TOBG_NAT-154.fna_592	ERR599092.OGdb.sorted.bam	ERR599140.OGdb.sorted.bam	0.0	0	0.0	23345	0	0		
TOBG_NAT-154.fna_127161	ERR599092.OGdb.sorted.bam	ERR599140.OGdb.sorted.bam	0.8229319329099495	40429	0.7065536525690318	57220	57	0	0.9985901209527814	1.0
TOBG_MED-828.fna_41854	ERR599092.OGdb.sorted.bam	ERR599140.OGdb.sorted.bam	0.9214783870853542	26029	0.9202078766881142	28286	119	0	0.9954281762649352	1.0
TOBG_NAT-154.fna_18223	ERR599092.OGdb.sorted.bam	ERR599140.OGdb.sorted.bam	0.0	0	0.0	12342	0	0		
TOBG_MED-746.fna_83125	ERR599092.OGdb.sorted.bam	ERR599140.OGdb.sorted.bam	0.898751100531516	27562	0.8882944437282455	31028	24	0	0.9991292359045062	1.0
TOBG_MED-828.fna_49053	ERR599092.OGdb.sorted.bam	ERR599140.OGdb.sorted.bam	0.4948946896227624	11584	0.4935662547933532	23470	63	0	0.9945614640883976	1.0
TOBG_MED-746.fna_85503	ERR599092.OGdb.sorted.bam	ERR599140.OGdb.sorted.bam	0.7849531804972554	19448	0.7631155581714734	25485	6	0	0.9996914849856028	1.0
TOBG_NAT-154.fna_128804	ERR599092.OGdb.sorted.bam	ERR599140.OGdb.sorted.bam	0.6964470883588932	12761	0.6928548159409273	18418	40	0	0.99686544941619	1.0
TOBG_MED-630.fna_1530	ERR599092.OGdb.sorted.bam	ERR599140.OGdb.sorted.bam	0.9854519003455172	16257	0.9853324443905692	16499	59	0	0.9963707941194564	1.0
TOBG_MED-1001.fna_41970	ERR599092.OGdb.sorted.bam	ERR599140.OGdb.sorted.bam	0.5783050633111494	36583	0.5757203783264876	63543	58	0	0.9984145641418144	1.0
TOBG_MED-828.fna_107901	ERR599092.OGdb.sorted.bam	ERR599140.OGdb.sorted.bam	0.9523467002337708	21184	0.9503813369223868	22290	34	0	0.99839501510574	1.0
TOBG_MED-746.fna_102558	ERR599092.OGdb.sorted.bam	ERR599140.OGdb.sorted.bam	0.9516212469220104	45989	0.9515228006289828	48332	17	0	0.9996303463871796	1.0
TOBG_MED-630.fna_25161	ERR599092.OGdb.sorted.bam	ERR599140.OGdb.sorted.bam	0.9620623380964318	11513	0.960537293509094	11986	28	0	0.9975679666463996	1.0
TOBG_MED-746.fna_MHASMcontig_1030372	ERR599092.OGdb.sorted.bam	ERR599140.OGdb.sorted.bam	0.5764546684709067	4686	0.5242783620496756	8938	0	0	1.0	1.0
TOBG_MED-630.fna_2859	ERR599092.OGdb.sorted.bam	ERR599140.OGdb.sorted.bam	0.9690226876090752	11105	0.9650647431997914	11507	65	0	0.9941467807294012	1.0
TOBG_NAT-154.fna_127243	ERR599092.OGdb.sorted.bam	ERR599140.OGdb.sorted.bam	0.8761322989733823	37721	0.8637144230989399	43673	42	0	0.9988865618620928	1.0
TOBG_MED-746.fna_106967	ERR599092.OGdb.sorted.bam	ERR599140.OGdb.sorted.bam	0.8511762954139369	11433	0.8475166790214974	13490	5	0	0.999562669465582	1.0
TOBG_MED-828.fna_46332	ERR599092.OGdb.sorted.bam	ERR599140.OGdb.sorted.bam	0.8441105769230769	42138	0.8433672244015691	49964	231	0	0.9945180122454792	1.0
TOBG_NAT-154.fna_129173	ERR599092.OGdb.sorted.bam	ERR599140.OGdb.sorted.bam	0.819581038552321	33334	0.8190775732855001	40697	69	0	0.997930041399172	1.0
TOBG_MED-746.fna_153423	ERR599092.OGdb.sorted.bam	ERR599140.OGdb.sorted.bam	0.8554275318374772	7053	0.8497590361445783	8300	6	0	0.9991492981709912	1.0
TOBG_MED-828.fna_109311	ERR599092.OGdb.sorted.bam	ERR599140.OGdb.sorted.bam	0.8216811594202899	14174	0.814083050944805	17411	108	0	0.9923804148440808	1.0
TOBG_MED-828.fna_100958	ERR599092.OGdb.sorted.bam	ERR599140.OGdb.sorted.bam	0.9012410879324004	20478	0.8998945333098963	22756	128	0	0.9937493895888272	1.0
TOBG_MED-828.fna_109507	ERR599092.OGdb.sorted.bam	ERR599140.OGdb.sorted.bam	0.7640854472630173	5723	0.7581136574380712	7549	18	0	0.996854796435436	1.0
TOBG_MED-828.fna_114544	ERR599092.OGdb.sorted.bam	ERR599140.OGdb.sorted.bam	0.8763761895876097	9393	0.8658738938053098	10848	31	0	0.9966996699669968	1.0
TOBG_MED-1001.fna_65492	ERR599092.OGdb.sorted.bam	ERR599140.OGdb.sorted.bam	0.7257007567750391	34330	0.7232545400918552	47466	28	0	0.9991843868336732	1.0
TOBG_NAT-154.fna_125897	ERR599092.OGdb.sorted.bam	ERR599140.OGdb.sorted.bam	0.8949081911707254	75592	0.8946751725035803	84491	98	0	0.9987035665149752	1.0
TOBG_MED-828.fna_51279	ERR599092.OGdb.sorted.bam	ERR599140.OGdb.sorted.bam	0.7424962852897474	9994	0.7159538648900351	13959	22	0	0.9977986792075244	1.0
TOBG_NAT-154.fna_126688	ERR599092.OGdb.sorted.bam	ERR599140.OGdb.sorted.bam	0.8346173230614156	11592	0.827054794520548	14016	5	0	0.9995686680469288	1.0
TOBG_MED-828.fna_46502	ERR599092.OGdb.sorted.bam	ERR599140.OGdb.sorted.bam	0.8365202773691952	15924	0.8292454304014998	19203	88	0	0.9944737503139914	1.0
TOBG_MED-828.fna_108460	ERR599092.OGdb.sorted.bam	ERR599140.OGdb.sorted.bam	0.8450670751029893	32001	0.8362776354988762	38266	139	0	0.9956563857379456	1.0
TOBG_NAT-154.fna_126018	ERR599092.OGdb.sorted.bam	ERR599140.OGdb.sorted.bam	0.768014671008948	24290	0.7652562931224599	31741	47	0	0.9980650473445862	1.0
TOBG_MED-746.fna_106027	ERR599092.OGdb.sorted.bam	ERR599140.OGdb.sorted.bam	0.6393384384621458	16197	0.5582862263890804	29012	3	0	0.99981478051491	1.0
TOBG_MED-630.fna_3932	ERR599092.OGdb.sorted.bam	ERR599140.OGdb.sorted.bam	0.9466123387138902	18121	0.927189930413426	19544	40	0	0.9977926163015286	1.0
TOBG_NAT-154.fna_129399	ERR599092.OGdb.sorted.bam	ERR599140.OGdb.sorted.bam	0.6246792368626576	11198	0.6072009543433468	18442	20	0	0.998213966779782	1.0
TOBG_MED-828.fna_40086	ERR599092.OGdb.sorted.bam	ERR599140.OGdb.sorted.bam	0.8489389298231089	30763	0.8411626380837799	36572	190	0	0.9938237493092352	1.0
TOBG_NAT-154.fna_131729	ERR599092.OGdb.sorted.bam	ERR599140.OGdb.sorted.bam	0.828987534978377	13035	0.8027960830202624	16237	31	0	0.9976217874952052	1.0
TOBG_MED-746.fna_107043	ERR599092.OGdb.sorted.bam	ERR599140.OGdb.sorted.bam	0.74533598985691	16460	0.6756146615769815	24363	12	0	0.9992709599027948	1.0
TOBG_MED-828.fna_108352	ERR599092.OGdb.sorted.bam	ERR599140.OGdb.sorted.bam	0.7984597068234244	21461	0.792152664993356	27092	102	0	0.9952471925818928	1.0
TOBG_NAT-154.fna_130163	ERR599092.OGdb.sorted.bam	ERR599140.OGdb.sorted.bam	0.8251337543746732	20512	0.8108471360240345	25297	15	0	0.99926872074883	1.0
TOBG_MED-828.fna_113483	ERR599092.OGdb.sorted.bam	ERR599140.OGdb.sorted.bam	0.921239170385928	7018	0.918586387434555	7640	26	0	0.9962952408093474	1.0
TOBG_MED-630.fna_29075	ERR599092.OGdb.sorted.bam	ERR599140.OGdb.sorted.bam	0.9843556381660472	12710	0.982833281781627	12932	26	0	0.9979543666404406	1.0
TOBG_NAT-154.fna_126758	ERR599092.OGdb.sorted.bam	ERR599140.OGdb.sorted.bam	0.8407738095238095	36725	0.838393753995069	43804	47	0	0.998720217835262	1.0
TOBG_NAT-154.fna_126223	ERR599092.OGdb.sorted.bam	ERR599140.OGdb.sorted.bam	0.7579261672095549	13961	0.7474569011671485	18678	37	0	0.997349760045842	1.0
TOBG_MED-713.fna_82205	ERR599092.OGdb.sorted.bam	ERR599140.OGdb.sorted.bam	0.9904694618005726	134584	0.9900978444787758	135930	9	0	0.9999331272662426	1.0
TOBG_MED-828.fna_80284	ERR599092.OGdb.sorted.bam	ERR599140.OGdb.sorted.bam	0.9190869796011224	12120	0.9146479510980304	13251	70	0	0.9942244224422442	1.0
TOBG_NAT-154.fna_125642	ERR599092.OGdb.sorted.bam	ERR599140.OGdb.sorted.bam	0.8361260389198572	100198	0.8343436698531126	120092	65	0	0.9993512844567756	1.0
TOBG_MED-630.fna_274	ERR599092.OGdb.sorted.bam	ERR599140.OGdb.sorted.bam	0.9379644921552436	9087	0.9233817701453104	9841	39	0	0.9957081545064378	1.0
TOBG_MED-630.fna_116165	ERR599092.OGdb.sorted.bam	ERR599140.OGdb.sorted.bam	0.971763229449906	9292	0.9708494410197472	9571	32	0	0.996556177356866	1.0
TOBG_MED-746.fna_84937	ERR599092.OGdb.sorted.bam	ERR599140.OGdb.sorted.bam	0.8868954248366013	27139	0.8845827900912646	30680	3	0	0.999889457975607	1.0
TOBG_MED-746.fna_102456	ERR599092.OGdb.sorted.bam	ERR599140.OGdb.sorted.bam	0.9518359561278016	9980	0.91930729550479	10856	8	0	0.9991983967935872	1.0
TOBG_NAT-154.fna_129888	ERR599092.OGdb.sorted.bam	ERR599140.OGdb.sorted.bam	0.815218733281205	19809	0.8063912070018319	24565	16	0	0.9991922863344944	1.0
TOBG_MED-1001.fna_39580	ERR599092.OGdb.sorted.bam	ERR599140.OGdb.sorted.bam	0.9776510192631382	10455	0.9771941302925508	10699	51	0	0.9951219512195122	1.0
TOBG_MED-630.fna_10762	ERR599092.OGdb.sorted.bam	ERR599140.OGdb.sorted.bam	0.9889809172839056	27105	0.9812475111320276	27623	44	0	0.9983766832687696	1.0
TOBG_MED-630.fna_4972	ERR599092.OGdb.sorted.bam	ERR599140.OGdb.sorted.bam	0.925050641458474	6850	0.913211571790428	7501	14	0	0.997956204379562	1.0
TOBG_MED-746.fna_85128	ERR599092.OGdb.sorted.bam	ERR599140.OGdb.sorted.bam	0.4729240864858801	16864	0.3973048108184517	42446	13	0	0.9992291271347248	1.0
TOBG_NAT-154.fna_125898	ERR599092.OGdb.sorted.bam	ERR599140.OGdb.sorted.bam	0.0	0	0.0	26317	0	0		
TOBG_MED-746.fna_101265	ERR599092.OGdb.sorted.bam	ERR599140.OGdb.sorted.bam	0.668579738748799	25745	0.6405822343866634	40190	14	0	0.9994562050883666	1.0
TOBG_MED-828.fna_90126	ERR599092.OGdb.sorted.bam	ERR599140.OGdb.sorted.bam	0.8349210037174721	7187	0.8334686304070509	8623	39	0	0.9945735355502991	1.0
TOBG_MED-630.fna_3137	ERR599092.OGdb.sorted.bam	ERR599140.OGdb.sorted.bam	0.9341715529226864	15454	0.919333729922665	16810	19	0	0.9987705448427592	1.0
TOBG_MED-828.fna_97903	ERR599092.OGdb.sorted.bam	ERR599140.OGdb.sorted.bam	0.9165281162457012	40242	0.916152532726238	43925	241	0	0.994011232046121	1.0
TOBG_MED-630.fna_34938	ERR599092.OGdb.sorted.bam	ERR599140.OGdb.sorted.bam	0.995639047299564	8904	0.995639047299564	8943	12	0	0.9986522911051212	1.0
TOBG_MED-630.fna_11673	ERR599092.OGdb.sorted.bam	ERR599140.OGdb.sorted.bam	0.9414343114574456	15464	0.9384634057531254	16478	62	0	0.9959906880496636	1.0
TOBG_MED-828.fna_36374	ERR599092.OGdb.sorted.bam	ERR599140.OGdb.sorted.bam	0.9464784107699884	23060	0.9460900960039388	24374	127	0	0.9944926279271464	1.0
TOBG_NAT-154.fna_127575	ERR599092.OGdb.sorted.bam	ERR599140.OGdb.sorted.bam	0.7695920016158352	15241	0.7600359048521418	20053	26	0	0.9982940751919164	1.0
TOBG_MED-746.fna_93619	ERR599092.OGdb.sorted.bam	ERR599140.OGdb.sorted.bam	0.6868656573169853	57253	0.6727257772659977	85106	18	0	0.9996856059944456	1.0
TOBG_MED-828.fna_108604	ERR599092.OGdb.sorted.bam	ERR599140.OGdb.sorted.bam	0.8743295798276607	34397	0.8729538360023349	39403	131	0	0.9961915283309593	1.0
TOBG_MED-630.fna_26596	ERR599092.OGdb.sorted.bam	ERR599140.OGdb.sorted.bam	0.9945506239140736	12593	0.9944720840243229	12663	21	0	0.9983324068927182	1.0
TOBG_MED-828.fna_46912	ERR599092.OGdb.sorted.bam	ERR599140.OGdb.sorted.bam	0.6817957876585786	11071	0.6406457959608819	17281	64	0	0.994219131063138	1.0
TOBG_MED-828.fna_107012	ERR599092.OGdb.sorted.bam	ERR599140.OGdb.sorted.bam	0.856190410391046	24785	0.8506366475615197	29137	104	0	0.995803913657454	1.0
TOBG_MED-630.fna_5361	ERR599092.OGdb.sorted.bam	ERR599140.OGdb.sorted.bam	0.9893297638397552	51737	0.9880638631068333	52362	91	0	0.9982411040454608	1.0
TOBG_NAT-154.fna_MHASMcontig_1175337	ERR599092.OGdb.sorted.bam	ERR599140.OGdb.sorted.bam	0.0	0	0.0	12986	0	0		
TOBG_MED-630.fna_26120	ERR599092.OGdb.sorted.bam	ERR599140.OGdb.sorted.bam	0.990214950272698	12346	0.9901355361296014	12469	15	0	0.9987850315891786	1.0
TOBG_NAT-154.fna_MHASMcontig_1373627	ERR599092.OGdb.sorted.bam	ERR599140.OGdb.sorted.bam	0.8359124622287336	9129	0.8341557017543859	10944	16	0	0.9982473436301896	1.0
TOBG_NAT-154.fna_126573	ERR599092.OGdb.sorted.bam	ERR599140.OGdb.sorted.bam	0.7815398280952007	29915	0.7814173392889795	38283	34	0	0.998863446431556	1.0
TOBG_NAT-154.fna_131079	ERR599092.OGdb.sorted.bam	ERR599140.OGdb.sorted.bam	0.8289259402869329	21378	0.8287973947429634	25794	12	0	0.9994386752736458	1.0
TOBG_NAT-154.fna_125751	ERR599092.OGdb.sorted.bam	ERR599140.OGdb.sorted.bam	0.7585520726199526	33927	0.7582469157875916	44744	26	0	0.9992336487163616	1.0
TOBG_MED-828.fna_111075	ERR599092.OGdb.sorted.bam	ERR599140.OGdb.sorted.bam	0.8822677925211098	7314	0.8691622103386809	8415	27	0	0.9963084495488104	1.0
TOBG_NAT-154.fna_28247	ERR599092.OGdb.sorted.bam	ERR599140.OGdb.sorted.bam	0.8607570188472667	22013	0.6268473958481647	35117	33	0	0.9985008858401854	1.0
TOBG_MED-630.fna_10214	ERR599092.OGdb.sorted.bam	ERR599140.OGdb.sorted.bam	0.9732688623300794	21336	0.9726477024070022	21936	62	0	0.9970941132358456	1.0
TOBG_NAT-154.fna_127858	ERR599092.OGdb.sorted.bam	ERR599140.OGdb.sorted.bam	0.762099079898113	29321	0.7136320490666147	41087	44	0	0.9984993690528972	1.0
TOBG_MED-630.fna_114043	ERR599092.OGdb.sorted.bam	ERR599140.OGdb.sorted.bam	0.9839794096018488	18733	0.9838243789716926	19041	41	0	0.9978113489563872	1.0
TOBG_MED-630.fna_10386	ERR599092.OGdb.sorted.bam	ERR599140.OGdb.sorted.bam	0.993718592964824	13447	0.9913742258920673	13564	26	0	0.9980664832304604	1.0
TOBG_MED-630.fna_9105	ERR599092.OGdb.sorted.bam	ERR599140.OGdb.sorted.bam	0.9605635008992036	22433	0.9570392491467576	23440	23	0	0.9989747247358802	1.0
TOBG_MED-731.fna_82857	ERR599092.OGdb.sorted.bam	ERR599140.OGdb.sorted.bam	0.8086971895544671	123501	0.8080463755978513	152839	241	0	0.9980485987967708	1.0
TOBG_NAT-154.fna_127827	ERR599092.OGdb.sorted.bam	ERR599140.OGdb.sorted.bam	0.6919768094258463	7400	0.6580117375066691	11246	6	0	0.9991891891891892	1.0
TOBG_MED-731.fna_93846	ERR599092.OGdb.sorted.bam	ERR599140.OGdb.sorted.bam	0.7783933640683611	175762	0.776327064248549	226402	158	0	0.999101057111321	1.0
TOBG_NAT-154.fna_127089	ERR599092.OGdb.sorted.bam	ERR599140.OGdb.sorted.bam	0.7010728997030367	14637	0.665257703845105	22002	41	0	0.9971988795518208	1.0
TOBG_MED-828.fna_108497	ERR599092.OGdb.sorted.bam	ERR599140.OGdb.sorted.bam	0.9718267419962336	25802	0.9714242686645834	26561	95	0	0.996318114874816	1.0
TOBG_MED-746.fna_89430	ERR599092.OGdb.sorted.bam	ERR599140.OGdb.sorted.bam	0.7899735794789472	47242	0.770807159522916	61289	32	0	0.9993226366368908	1.0
TOBG_MED-828.fna_56046	ERR599092.OGdb.sorted.bam	ERR599140.OGdb.sorted.bam	0.7990299616678401	10214	0.7984677923702314	12792	34	0	0.9966712355590366	1.0
TOBG_MED-630.fna_29098	ERR599092.OGdb.sorted.bam	ERR599140.OGdb.sorted.bam	0.9736882361939728	19095	0.9733408094606992	19618	58	0	0.9969625556428384	1.0
TOBG_MED-828.fna_47096	ERR599092.OGdb.sorted.bam	ERR599140.OGdb.sorted.bam	0.827009758872697	18898	0.8260698518162346	22877	137	0	0.9927505556143508	1.0
TOBG_NAT-154.fna_128979	ERR599092.OGdb.sorted.bam	ERR599140.OGdb.sorted.bam	0.0	0	0.0	13758	0	0		
TOBG_MED-828.fna_108990	ERR599092.OGdb.sorted.bam	ERR599140.OGdb.sorted.bam	0.7353219696969697	7765	0.7336545729402872	10584	52	0	0.9933032839665163	1.0
TOBG_NAT-154.fna_125709	ERR599092.OGdb.sorted.bam	ERR599140.OGdb.sorted.bam	0.7747352615773668	19607	0.7745210349595102	25315	24	0	0.9987759473657368	1.0
TOBG_MED-828.fna_109692	ERR599092.OGdb.sorted.bam	ERR599140.OGdb.sorted.bam	0.9739749570341272	23802	0.9734173073777196	24452	72	0	0.99697504411394	1.0
TOBG_MED-746.fna_81131	ERR599092.OGdb.sorted.bam	ERR599140.OGdb.sorted.bam	0.9511609878548488	77298	0.9418774674660038	82068	24	0	0.9996895133121168	1.0
TOBG_MED-746.fna_83588	ERR599092.OGdb.sorted.bam	ERR599140.OGdb.sorted.bam	0.9314477616538804	30232	0.9313903693890756	32459	23	0	0.9992392167240012	1.0
TOBG_MED-746.fna_147092	ERR599092.OGdb.sorted.bam	ERR599140.OGdb.sorted.bam	0.6542209698250557	5572	0.6409017713365539	8694	5	0	0.999102656137832	1.0
TOBG_MED-828.fna_109814	ERR599092.OGdb.sorted.bam	ERR599140.OGdb.sorted.bam	0.8821398311274725	30193	0.878853150924174	34355	77	0	0.9974497400059616	1.0
TOBG_MED-828.fna_108649	ERR599092.OGdb.sorted.bam	ERR599140.OGdb.sorted.bam	0.928131721426982	25028	0.9271690005186338	26994	96	0	0.9961642959884928	1.0
TOBG_MED-630.fna_33287	ERR599092.OGdb.sorted.bam	ERR599140.OGdb.sorted.bam	0.9692737430167596	7634	0.9632807570977918	7925	15	0	0.9980351061042704	1.0
TOBG_MED-746.fna_83208	ERR599092.OGdb.sorted.bam	ERR599140.OGdb.sorted.bam	0.9779873336495272	35054	0.977360173980929	35866	11	0	0.9996861984366976	1.0
TOBG_MED-713.fna_MHASMcontig_611849	ERR599092.OGdb.sorted.bam	ERR599140.OGdb.sorted.bam	0.8302146395156852	6034	0.8041044776119403	7504	0	0	1.0	1.0
TOBG_NAT-154.fna_128627	ERR599092.OGdb.sorted.bam	ERR599140.OGdb.sorted.bam	0.7864968152866242	21609	0.7339514978601998	29442	17	0	0.9992132907584804	1.0
TOBG_MED-828.fna_111271	ERR599092.OGdb.sorted.bam	ERR599140.OGdb.sorted.bam	0.7076443284015086	9757	0.6877907796419005	14186	74	0	0.9924157015476068	1.0
TOBG_MED-828.fna_109382	ERR599092.OGdb.sorted.bam	ERR599140.OGdb.sorted.bam	0.8203830448035889	14264	0.8165788871078543	17468	52	0	0.9963544587773416	1.0
TOBG_MED-746.fna_94688	ERR599092.OGdb.sorted.bam	ERR599140.OGdb.sorted.bam	0.964964198853683	56737	0.9579583635841762	59227	27	0	0.9995241200627456	1.0
TOBG_MED-746.fna_106685	ERR599092.OGdb.sorted.bam	ERR599140.OGdb.sorted.bam	0.7269503546099291	6355	0.7135638895126881	8906	40	0	0.993705743509048	1.0
TOBG_MED-1001.fna_58466	ERR599092.OGdb.sorted.bam	ERR599140.OGdb.sorted.bam	0.599684410523943	55866	0.5983228197191848	93371	107	0	0.9980847026814162	1.0
TOBG_MED-731.fna_80179	ERR599092.OGdb.sorted.bam	ERR599140.OGdb.sorted.bam	0.7283865401207937	122409	0.7269115655953823	168396	126	0	0.9989706639217704	1.0
TOBG_NAT-154.fna_127470	ERR599092.OGdb.sorted.bam	ERR599140.OGdb.sorted.bam	0.7560495216657288	13435	0.749762821586026	17919	10	0	0.9992556754745068	1.0
TOBG_MED-828.fna_119641	ERR599092.OGdb.sorted.bam	ERR599140.OGdb.sorted.bam	0.9185844399638462	13212	0.9125569830087028	14478	46	0	0.9965183166818044	1.0
TOBG_MED-1001.fna_16785	ERR599092.OGdb.sorted.bam	ERR599140.OGdb.sorted.bam	0.6086397381188987	31236	0.6038976103936278	51724	81	0	0.997406838263542	1.0
TOBG_MED-828.fna_110832	ERR599092.OGdb.sorted.bam	ERR599140.OGdb.sorted.bam	0.8732855499513318	19738	0.871742778906457	22642	80	0	0.9959469044482724	1.0
TOBG_MED-630.fna_10312	ERR599092.OGdb.sorted.bam	ERR599140.OGdb.sorted.bam	0.9704941343761108	19110	0.9657856168191236	19787	31	0	0.998377812663527	1.0
TOBG_MED-1001.fna_60350	ERR599092.OGdb.sorted.bam	ERR599140.OGdb.sorted.bam	0.5114179367235049	20335	0.5101605619668841	39860	76	0	0.9962626014261126	1.0
TOBG_MED-746.fna_97983	ERR599092.OGdb.sorted.bam	ERR599140.OGdb.sorted.bam	0.8863202545068929	8358	0.8769279194208373	9531	36	0	0.9956927494615936	1.0
TOBG_MED-630.fna_27116	ERR599092.OGdb.sorted.bam	ERR599140.OGdb.sorted.bam	0.99254330618332	17304	0.992486377975337	17435	20	0	0.998844197873324	1.0
TOBG_MED-828.fna_42955	ERR599092.OGdb.sorted.bam	ERR599140.OGdb.sorted.bam	0.8897484145236602	12767	0.888881152962473	14363	48	0	0.9962403070415916	1.0
TOBG_NAT-154.fna_129045	ERR599092.OGdb.sorted.bam	ERR599140.OGdb.sorted.bam	0.8616719506090439	10328	0.8593776002662673	12018	20	0	0.9980635166537568	1.0
TOBG_MED-746.fna_79774	ERR599092.OGdb.sorted.bam	ERR599140.OGdb.sorted.bam	0.7821286011801458	36053	0.7817554967691573	46118	11	0	0.9996948936288242	1.0
TOBG_MED-828.fna_110851	ERR599092.OGdb.sorted.bam	ERR599140.OGdb.sorted.bam	0.760379330943847	10183	0.7547994959602699	13491	35	0	0.9965628989492292	1.0
TOBG_MED-630.fna_27277	ERR599092.OGdb.sorted.bam	ERR599140.OGdb.sorted.bam	0.9877100840336136	9403	0.9830632514375328	9565	11	0	0.9988301605870468	1.0
TOBG_MED-746.fna_103341	ERR599092.OGdb.sorted.bam	ERR599140.OGdb.sorted.bam	0.8285727842095274	17463	0.8142397538117219	21447	16	0	0.9990837771287866	1.0
TOBG_MED-828.fna_93957	ERR599092.OGdb.sorted.bam	ERR599140.OGdb.sorted.bam	0.6835673125265885	17675	0.6810650431565968	25952	129	0	0.9927015558698729	1.0
TOBG_NAT-154.fna_127484	ERR599092.OGdb.sorted.bam	ERR599140.OGdb.sorted.bam	0.8304026576550776	14498	0.8181253879577902	17721	15	0	0.9989653745344186	1.0
TOBG_MED-1001.fna_64456	ERR599092.OGdb.sorted.bam	ERR599140.OGdb.sorted.bam	0.6965297675899396	21878	0.6945837830973395	31498	156	0	0.9928695493189506	1.0
TOBG_MED-630.fna_473	ERR599092.OGdb.sorted.bam	ERR599140.OGdb.sorted.bam	0.9931856500562009	42413	0.9929531301212716	42714	98	0	0.9976893876877372	1.0
TOBG_MED-630.fna_115419	ERR599092.OGdb.sorted.bam	ERR599140.OGdb.sorted.bam	0.9839715048975958	11050	0.9837962962962964	11232	43	0	0.9961085972850678	1.0
TOBG_MED-630.fna_27743	ERR599092.OGdb.sorted.bam	ERR599140.OGdb.sorted.bam	0.9821936256172378	13128	0.9789709172259508	13410	9	0	0.9993144424131628	1.0
TOBG_MED-828.fna_118797	ERR599092.OGdb.sorted.bam	ERR599140.OGdb.sorted.bam	0.8852112195454855	12971	0.8817211610359594	14711	54	0	0.9958368668568344	1.0
TOBG_MED-630.fna_6482	ERR599092.OGdb.sorted.bam	ERR599140.OGdb.sorted.bam	0.9936510080713248	29423	0.993550347808469	29614	59	0	0.9979947659993882	1.0
TOBG_MED-1001.fna_37063	ERR599092.OGdb.sorted.bam	ERR599140.OGdb.sorted.bam	0.2171752397558849	4982	0.2137005104448162	23313	14	0	0.9971898835808912	1.0
TOBG_NAT-154.fna_126708	ERR599092.OGdb.sorted.bam	ERR599140.OGdb.sorted.bam	0.6393061138142585	6044	0.6332774518021794	9544	7	0	0.9988418266048974	1.0
TOBG_NAT-154.fna_127312	ERR599092.OGdb.sorted.bam	ERR599140.OGdb.sorted.bam	0.8433491161940367	82111	0.8374657052230053	98047	107	0	0.9986968859227144	1.0
TOBG_MED-746.fna_96406	ERR599092.OGdb.sorted.bam	ERR599140.OGdb.sorted.bam	0.4101575056252009	8932	0.4026143790849673	22185	6	0	0.9993282579489476	1.0
TOBG_MED-1001.fna_40412	ERR599092.OGdb.sorted.bam	ERR599140.OGdb.sorted.bam	0.5389393149971207	78614	0.5312187474660107	147988	101	0	0.9987152415600274	1.0
TOBG_NAT-154.fna_127190	ERR599092.OGdb.sorted.bam	ERR599140.OGdb.sorted.bam	0.5247291156938133	12010	0.5140826983991097	23362	17	0	0.9985845129059118	1.0
TOBG_MED-630.fna_26228	ERR599092.OGdb.sorted.bam	ERR599140.OGdb.sorted.bam	0.9977506153976742	23509	0.9977082714425158	23563	38	0	0.9983835977710664	1.0
TOBG_MED-828.fna_81227	ERR599092.OGdb.sorted.bam	ERR599140.OGdb.sorted.bam	0.8398691345852194	18740	0.8364577753972505	22404	133	0	0.9929028815368196	1.0
